@x1,x2,x3,x4,x5,x6,x7,x8,y,zb,wt
12.218,5.4349,1.8441,0.85531,0.4503,2.4319,2.7931,1.3652,0,1,0
12.069,4.3715,2.222,1.5054,0.77765,2.5239,2.4714,2.257,0,1,0
14.213,6.1534,2.7114,3.2705,1.8726,2.4337,4.2916,1.5957,0,1,0
9.4849,4.8143,2.0573,1.2741,1.199,1.8648,2.4405,1.719,0,1,0
16.708,8.6441,1.3799,2.0684,1.6099,2.5293,4.3083,4.4601,0,1,0
10.658,4.7255,1.2818,1.3509,1.4442,2.0668,1.9202,1.4061,0,1,0
12.627,3.716,1.02,1.9448,1.1005,2.5408,3.1392,2.3534,0,1,0
12.26,9.6051,3.4264,1.1267,1.2333,2.9012,4.9654,1.5052,0,1,0
13.464,5.5794,2.7436,1.6845,0.78206,2.9643,2.9837,1.8809,0,1,0
14.122,6.8206,1.7537,1.8974,1.2969,2.3564,4.3402,2.5139,0,1,0
10.757,5.2751,1.4161,1.5469,2.2187,1.8134,2.8507,2.5994,0,1,0
11.498,5.1694,1.1251,2.9005,0.803,2.3492,2.4783,1.459,0,1,0
18.123,4.642,2.0759,2.6833,1.4662,2.8079,2.7108,3.5444,0,1,0
11.468,9.8315,1.5666,1.5978,0.90714,2.8461,4.2716,2.2425,0,1,0
15.459,5.9249,0.89335,4.2011,1.5525,2.598,3.7535,3.0277,0,1,0
10.751,5.2639,1.298,1.6972,0.66785,2.2365,2.7796,1.6268,0,1,0
11.764,6.6804,2.0731,1.1228,1.5008,2.0611,2.8736,2.05,0,1,0
12.034,3.4781,0.98983,1.6439,2.129,2.3817,2.29,1.9921,0,1,0
14.797,5.6054,2.9151,1.9438,2.6252,2.2729,2.8779,3.1218,0,1,0
11.58,8.3925,2.3312,1.9114,2.4235,1.9552,8.9798,1.2867,0,1,0
14.865,4.79,1.5255,4.9372,2.8282,3.1102,2.2904,3.1465,0,1,0
17.511,5.8937,2.5999,3.2963,0.7298,3.0543,4.2626,3.5091,0,1,0
11.071,10.032,2.1064,2.1673,1.145,2.1701,6.0222,2.2024,0,1,0
14.876,7.267,1.4979,2.4086,1.5466,2.9589,6.9189,4.0748,0,1,0
14.695,6.6236,1.2413,3.9635,2.7207,2.8729,4.8862,2.2143,0,1,0
13.959,5.6566,1.6366,2.3675,1.0783,2.053,4.2664,2.0173,0,1,0
13.984,8.1005,1.4409,0.44348,2.0542,2.8236,4.476,3.1728,0,1,0
14.69,5.8198,1.64,4.7888,0.9444,2.5301,2.8799,1.5831,0,1,0
15.123,6.8961,2.342,1.381,2.7557,1.872,4.6419,2.7763,0,1,0
11.265,8.2198,1.1102,1.415,1.2533,2.2446,4.9365,1.6051,0,1,0
16.339,7.0562,4.283,2.0954,3.3596,3.2114,4.2132,3.0005,0,1,0
11.283,4.5773,1.0813,1.201,2.3302,1.998,2.8936,1.9867,0,1,0
12.571,6.7629,0.83417,1.2393,1.5331,2.4843,4.5316,1.7846,0,1,0
9.7883,6.393,1.2007,0.47179,1.8961,1.1024,3.0244,1.4671,0,1,0
12.015,7.9321,1.8626,2.5753,1.9761,2.7767,3.4773,1.9305,0,1,0
16.064,11.498,2.9992,2.9163,3.2394,2.7612,4.5989,3.322,0,1,0
15.461,7.679,2.7064,2.7757,1.0996,1.8839,3.0219,3.4517,0,1,0
26.848,17.098,2.8018,5.7253,4.1738,4.627,14.774,5.363,0,1,0
18.56,11.474,3.2194,2.3235,1.728,3.1747,6.0241,2.8175,0,1,0
18.076,8.7207,1.9484,3.0217,1.5133,4.4119,5.9954,3.7833,0,1,0
13.159,5.7961,1.2214,2.7629,2.2892,2.2133,2.8432,1.7418,0,1,0
15.544,8.545,2.8267,1.8838,3.2816,2.3723,3.3876,2.4091,0,1,0
11.346,3.8225,1.5434,1.3624,1.0201,2.2769,2.0163,1.815,0,1,0
19.585,12.26,1.9947,6.6533,7.2146,3.324,5.6031,4.4767,0,1,0
12.443,15.023,3.3681,1.5261,2.6906,2.5614,3.5596,2.2667,0,1,0
13.152,10.696,1.8833,1.8317,1.5812,2.6367,6.3687,3.152,0,1,0
14.139,6.2692,2.7587,2.3354,2.6251,2.3442,3.3182,2.6754,0,1,0
17.04,13.435,3.3665,7.03,2.2571,2.0483,8.0628,2.0827,0,1,0
47.527,32.032,7.6946,4.6311,3.4005,8.6146,13.658,6.0595,0,1,0
16.72,16.188,3.7045,1.1611,2.1079,2.9961,6.9894,2.3165,0,1,0
18.758,7.0826,1.7209,3.7106,1.1954,3.5064,4.7458,3.1646,0,1,0
13.729,7.3418,3.4755,1.0796,0.92266,2.6602,4.4268,2.9182,0,1,0
12.942,5.6142,1.4054,1.6065,1.0349,1.8521,3.9639,1.1384,0,1,0
14.018,4.0888,0.8657,2.7062,1.3748,1.9227,4.1727,2.256,0,1,0
14.861,11.269,2.3233,5.2441,4.8096,1.6785,5.1296,2.1366,0,1,0
16.289,6.4373,3.072,5.1009,0.72744,2.9195,3.5608,2.48,0,1,0
14.494,6.8654,2.4569,3.3741,2.1784,2.1732,3.6326,2.5412,0,1,0
12.572,3.7071,0.63858,1.1527,1.9724,2.0982,3.1845,2.5179,0,1,0
12.756,5.8787,2.1871,1.4833,1.5174,2.7012,3.753,1.7187,0,1,0
14.447,9.756,1.0486,3.4895,2.0986,2.9216,4.9708,2.173,0,1,0
19.48,13.174,1.9287,4.4605,2.2374,4.0718,10.099,4.6317,0,1,0
15.171,6.8172,1.5694,3.5677,1.3153,2.8743,4.3174,2.465,0,1,0
12.651,4.9973,0.63619,0.43268,2.5889,2.317,3.2385,2.3298,0,1,0
17.237,12.126,1.3269,2.6684,2.9566,4.0734,6.2865,3.5985,0,1,0
15.062,6.4506,1.0643,1.4331,1.622,3.0922,4.0665,2.4008,0,1,0
11.931,6.1563,1.6921,0.95885,1.6657,2.2995,4.699,1.8189,0,1,0
11.105,3.023,1.0007,2.9963,0.93952,1.319,2.2232,1.89,0,1,0
18.275,10.288,2.6056,3.4687,1.8373,3.267,3.4457,3.5687,0,1,0
13.781,8.973,2.1059,1.3165,3.8711,2.1342,4.5862,2.7951,0,1,0
13.628,7.7537,2.0794,4.1913,1.8307,1.915,4.2692,2.8114,0,1,0
14.862,6.5218,0.82254,1.946,1.2188,2.8563,3.3518,1.9956,0,1,0
15.935,14.995,2.772,1.2031,2.3073,2.7207,5.9921,3.3102,0,1,0
14.477,5.5478,1.0885,2.5518,2.5972,1.7309,3.5053,2.3921,0,1,0
12.357,9.0047,2.0326,2.5329,1.0216,2.2295,5.5694,1.6562,0,1,0
14.454,10.578,1.8782,1.2849,1.0647,2.3969,4.8333,2.6996,0,1,0
21.34,10.785,1.5477,4.3557,1.0066,3.8315,3.926,3.1461,0,1,0
12.291,8.1177,1.4556,1.8472,1.2275,2.348,6.4247,2.5565,0,1,0
22.049,12.584,3.2101,3.38,2.5709,4.6418,6.0895,3.579,0,1,0
13.834,7.1811,2.3997,2.9636,1.8885,2.4725,3.3707,2.7335,0,1,1
13.515,8.3569,1.6381,1.0285,1.8675,2.2581,3.7572,2.11,0,1,1
15.718,12.093,3.7444,1.536,1.4827,2.9256,4.8471,1.9184,0,1,1
19.536,8.3084,3.4905,3.8241,1.536,2.9689,3.8245,2.3898,0,1,1
15.514,7.7758,3.1974,2.1694,1.064,3.2021,4.0578,2.5439,0,1,1
13.225,6.4753,1.8393,3.1471,1.5278,2.1356,3.0766,3.052,0,1,1
10.487,6.1129,3.1615,1.8296,1.558,2.3882,3.2723,1.8216,0,1,1
15.046,9.3356,1.7531,2.5528,1.2236,2.6662,3.1719,2.3209,0,1,1
11.219,8.0108,1.7629,0.64334,1.7155,1.8295,6.318,2.5413,0,1,1
0.81594,11.98,1.8142,5.304,0.43081,2.4049,2.6655,1.3377,0,2,0
1.5049,11.97,2.2034,4.2495,0.71478,2.4965,2.5399,2.217,0,2,0
2.1429,16.456,1.3509,8.8583,1.5127,2.4587,4.3448,4.3709,0,2,0
1.3345,10.537,1.2237,4.5782,1.3555,2.0685,1.8821,1.4062,0,2,0
1.8656,12.423,0.98382,3.5863,0.97912,2.4769,3.0231,2.2935,0,2,0
1.126,12.131,3.3321,9.4311,1.1532,2.8392,5.0439,1.5158,0,2,0
1.6625,13.235,2.6253,5.4294,0.79671,2.892,3.009,1.8291,0,2,0
2.9713,13.67,2.3731,7.2067,1.8346,2.4471,3.3601,2.6807,0,2,0
1.5234,10.574,1.3989,5.2611,1.8713,1.7618,2.7868,2.5198,0,2,0
2.8982,11.256,1.1071,5.1146,0.73827,2.3125,2.3863,1.421,0,2,0
1.5934,11.304,1.5588,9.6405,0.86647,2.8214,4.2925,2.1896,0,2,0
1.6985,10.629,1.2832,5.0824,0.6693,2.2011,2.7305,1.5951,0,2,0
1.1123,11.625,2.0713,6.5425,1.5137,2.0462,2.8484,2.0304,0,2,0
1.6625,11.899,0.96934,3.4812,1.964,2.3285,2.26,1.9488,0,2,0
1.9578,14.632,2.9571,5.4922,2.4224,2.2668,2.8969,3.0623,0,2,0
1.9203,11.551,2.2201,8.342,2.3736,1.9605,9.005,1.2698,0,2,0
4.9254,14.591,1.507,4.6486,2.7512,2.9852,2.2141,3.0859,0,2,0
3.3193,17.397,2.5063,5.8104,0.72263,3.0585,4.2093,3.4864,0,2,0
2.1565,10.984,2.1216,10.132,1.1045,2.1416,6.1246,2.195,0,2,0
2.4231,14.555,1.457,7.2313,1.4821,2.8253,6.884,3.9709,0,2,0
0.97086,13.318,1.6215,8.1082,1.7598,2.1621,3.7545,2.0618,0,2,0
3.9934,14.551,1.2148,6.6147,2.5439,2.7787,4.953,2.1715,0,2,0
2.3905,13.976,1.5572,5.5733,1.1049,2.0385,4.3546,1.998,0,2,0
0.42929,13.793,1.3797,8.0097,2.0839,2.7707,4.4559,3.0965,0,2,0
1.4036,15.263,2.3992,6.96,2.8775,1.8093,4.669,2.6861,0,2,0
1.4205,11.08,1.1264,8.3226,1.2939,2.172,4.9554,1.5839,0,2,0
2.0969,16.358,4.1116,7.0204,3.2157,3.2524,4.1795,2.983,0,2,0
1.4966,15.666,3.6881,12.002,1.4635,2.9636,4.8765,1.8941,0,2,0
3.8809,19.544,3.4604,8.2042,1.4489,2.9125,3.8645,2.3659,0,2,0
1.1992,11.09,1.0782,4.6147,2.3119,1.9429,2.8872,1.9031,0,2,0
1.272,12.249,0.80964,6.6491,1.4442,2.4543,4.5779,1.7593,0,2,0
0.46503,9.7162,1.1858,6.1913,1.8374,1.0909,2.982,1.4631,0,2,0
2.5072,11.987,1.8575,7.8984,1.8941,2.7193,3.5107,1.9193,0,2,0
2.8791,16.068,2.998,11.395,3.1301,2.8367,4.6557,3.2777,0,2,0
2.6995,15.265,2.6079,7.4526,1.0305,1.9039,2.9523,3.3754,0,2,0
5.8667,28.061,2.9105,16.868,3.9996,4.81,14.491,5.685,0,2,0
2.2739,18.603,3.2938,11.363,1.6733,3.1645,6.047,2.8493,0,2,0
2.9674,17.917,1.9254,8.5765,1.399,4.3316,6.013,3.7743,0,2,0
2.7141,13.006,1.1557,5.559,2.1651,2.1591,2.788,1.6977,0,2,0
1.8948,15.473,2.7364,8.44,3.281,2.3833,3.4069,2.3661,0,2,0
6.7279,19.784,1.9538,11.577,6.9788,3.2954,5.4578,4.4274,0,2,0
1.5076,12.326,3.2996,15.013,2.6301,2.4878,3.5156,2.2317,0,2,0
2.1935,15.327,3.1686,7.7918,1.0218,3.1658,4.0291,2.4809,0,2,0
2.3312,14.046,2.7015,6.2133,2.623,2.2631,3.2965,2.6353,0,2,0
3.0273,13.13,1.8402,6.4732,1.4453,2.1113,3.0257,2.9771,0,2,0
1.7898,10.191,3.1618,6.0241,1.5243,2.2872,3.2445,1.7519,0,2,0
7.0732,16.92,3.3033,12.895,2.1446,2.0482,8.1043,1.9813,0,2,0
4.6172,49.199,7.5959,31.212,3.2011,8.8296,13.517,6.2837,0,2,0
1.1162,16.606,3.6744,15.959,2.1354,2.9854,7.0217,2.2993,0,2,0
3.7372,18.506,1.7487,6.9838,1.1881,3.4384,4.6624,3.1018,0,2,0
1.0885,13.678,3.2996,7.1532,0.95393,2.619,4.3396,2.8448,0,2,0
1.6267,12.962,1.3967,5.616,1.0041,1.8523,3.9186,1.1392,0,2,0
2.5153,14.91,1.792,9.3741,1.1197,2.6843,3.2243,2.3146,0,2,0
2.6503,13.892,0.91014,4.0407,1.3633,1.9363,4.2023,2.2708,0,2,0
5.2931,14.785,2.2764,11.177,4.7545,1.659,5.0889,2.0901,0,2,0
4.931,15.989,3.031,6.2863,0.68069,2.8505,3.544,2.4102,0,2,0
3.1788,14.245,2.3865,6.8019,2.1104,2.1446,3.6217,2.5088,0,2,0
3.3364,14.156,1.0548,9.5424,1.9979,2.8643,4.9398,2.1263,0,2,0
4.3876,19.853,1.8755,13.086,2.1693,4.1106,9.9102,4.8288,0,2,0
3.4367,14.888,1.5777,6.7627,1.2979,2.8209,4.3452,2.4275,0,2,0
0.45352,12.542,0.61491,4.9185,2.5525,2.3436,3.2764,2.3076,0,2,0
2.623,17.359,1.3419,12.129,2.8849,4.0558,6.3407,3.588,0,2,0
0.65543,11.11,1.7818,7.9975,1.6441,1.7887,6.2004,2.4643,0,2,0
1.4335,14.816,1.0937,6.3063,1.5447,3.0615,3.9765,2.356,0,2,0
0.93286,12.093,1.6066,6.0728,1.6814,2.3255,4.7906,1.8476,0,2,0
3.3755,18.296,2.4491,9.9785,1.8177,3.258,3.3865,3.5273,0,2,0
1.3131,13.602,2.0414,8.8792,3.7188,2.1137,4.5939,2.7755,0,2,0
4.1649,13.328,2.0979,7.7944,1.8886,1.8761,4.2713,2.722,0,2,0
1.9422,14.544,0.8131,6.7517,1.1881,2.7524,3.4215,1.9391,0,2,0
1.1348,15.699,2.7306,15.072,2.2059,2.6677,6.0718,3.2219,0,2,0
2.5223,14.395,1.0811,5.2776,2.5509,1.7012,3.4774,2.3345,0,2,0
2.4818,12.308,1.9573,8.9446,1.0483,2.2468,5.6042,1.637,0,2,0
1.3314,14.447,1.8338,10.483,1.0685,2.409,4.8295,2.6383,0,2,0
4.3955,21.224,1.6087,10.661,0.90707,3.7543,3.9419,3.0642,0,2,0
1.8924,12.306,1.4209,8.0206,1.2009,2.3052,6.5366,2.4978,0,2,0
3.3809,21.8,3.0514,12.212,2.4931,4.5078,6.0147,3.5242,0,2,0
3.3318,14.362,2.6788,6.0471,1.8288,2.4761,4.3952,1.5838,0,2,1
1.2485,9.46,2.0143,4.7295,1.1747,1.8712,2.4209,1.7045,0,2,1
1.804,14.114,1.7164,6.7626,1.2155,2.375,4.4635,2.4889,0,2,1
2.5499,17.95,2.0629,4.5408,1.4547,2.7582,2.6779,3.5088,0,2,1
4.2009,15.372,0.87989,5.7189,1.4387,2.5809,3.5904,2.9742,0,2,1
4.8164,14.717,1.6572,5.6006,0.95691,2.5346,2.8078,1.5766,0,2,1
1.331,11.28,1.4945,3.7033,0.9798,2.254,1.9733,1.8173,0,2,1
1.7955,12.969,1.8121,10.778,1.4849,2.5807,6.4614,3.08,0,2,1
1.1465,12.433,0.58758,3.6343,1.9798,2.0904,3.2283,2.5074,0,2,1
1.5122,12.655,2.2158,5.7494,1.5213,2.6894,3.756,1.698,0,2,1
2.9702,10.933,1.0217,2.9815,0.9514,1.2885,2.2102,1.8677,0,2,1
2.3039,5.4741,5.9677,0.45202,1.8718,2.3882,2.782,1.3102,0,3,0
2.4575,4.4291,7.656,0.76403,2.2943,2.4849,2.5866,2.1809,0,3,0
5.2116,6.3031,12.832,1.877,2.7848,2.5681,4.4469,1.5747,0,3,0
2.8599,4.9103,9.5403,1.21,2.0631,1.9013,2.4925,1.6912,0,3,0
3.9342,9.0159,11.555,1.5824,1.4086,2.3737,4.4477,4.2609,0,3,0
3.1191,4.7488,7.0541,1.4277,1.2886,2.091,1.9563,1.4198,0,3,0
4.7017,9.7592,11.752,1.2291,3.46,2.7862,5.1399,1.5531,0,3,0
2.4755,5.6177,12.207,0.8215,2.7492,2.8157,3.0684,1.7681,0,3,0
3.4915,7.4276,11.727,1.8904,2.4617,2.4423,3.4668,2.6195,0,3,0
3.7,6.9463,10.621,1.2807,1.7659,2.4278,4.5293,2.4575,0,3,0
3.1857,5.409,8.3972,2.0819,1.4446,1.7161,2.892,2.4227,0,3,0
3.4811,4.6721,9.4057,1.5147,2.1019,2.7165,2.7927,3.4847,0,3,0
3.6869,9.9901,9.0819,0.90314,1.6103,2.8106,4.3919,2.1226,0,3,0
2.865,5.9268,11.135,1.515,0.8917,2.5929,3.723,2.9247,0,3,0
2.2976,5.3215,6.2699,0.68166,1.3292,2.1764,2.8235,1.5616,0,3,0
2.8446,6.8001,7.8035,1.5463,2.139,2.0454,2.9422,2.019,0,3,0
2.3947,3.6034,8.2381,2.1063,1.0065,2.2676,2.3469,1.8983,0,3,0
3.1125,5.7008,11.001,2.569,3.0062,2.2856,2.9687,2.9926,0,3,0
4.0633,8.5972,18.297,2.4558,2.3297,2,9.2459,1.2576,0,3,0
3.3951,4.8268,13.823,2.8301,1.5701,2.8363,2.3121,3.008,0,3,0
3.2892,5.9721,9.1337,0.75493,2.6156,3.0949,4.3332,3.4777,0,3,0
4.9264,10.349,11.718,1.1445,2.1826,2.1217,6.2442,2.1961,0,3,0
6.6425,7.4509,8.3707,1.5621,1.5231,2.6744,7.0752,3.8548,0,3,0
3.6617,8.3876,9.0142,1.8329,1.6648,2.0465,3.8343,2.0114,0,3,0
3.9836,5.7259,8.0004,1.1132,1.6363,2.05,4.4172,1.9776,0,3,0
3.3289,8.2511,13.829,2.124,1.4497,2.7203,4.5894,3.0063,0,3,0
3.8051,5.869,11.482,0.94952,1.6868,2.5631,2.9295,1.5774,0,3,0
4.8929,7.0775,10.603,2.9518,2.4201,1.7482,4.787,2.5885,0,3,0
3.4912,8.5291,6.1675,1.3131,1.1423,2.0982,5.0621,1.5745,0,3,0
3.7868,7.1931,16.486,3.3428,4.2494,3.3364,4.3163,2.9761,0,3,0
4.1957,12.358,11.648,1.5159,3.8128,3.0514,5.0152,1.8623,0,3,0
2.6092,8.4921,14.799,1.5473,3.5963,2.8708,3.9379,2.3577,0,3,0
3.8243,6.8928,8.6263,1.5259,0.84892,2.4349,4.7172,1.7372,0,3,0
3.2551,6.4391,6.9877,1.8924,1.2348,1.0907,3.1002,1.4657,0,3,0
4.4107,8.1217,10.721,1.9661,1.9463,2.6567,3.5666,1.9168,0,3,0
5.5768,11.716,21.542,3.2266,3.1094,2.9831,4.7244,3.2261,0,3,0
4.567,7.7647,9.9446,1.0833,2.7315,1.9626,3.0519,3.2868,0,3,0
5.3835,11.71,14.798,1.7493,3.3414,3.214,6.2162,2.9083,0,3,0
5.5158,8.8487,9.515,1.4865,2.0039,4.2596,6.1531,3.7849,0,3,0
3.3957,5.8486,6.6112,2.2578,1.2131,2.0921,2.9024,1.6485,0,3,0
2.6528,3.8529,4.9323,1.0298,1.5556,2.2419,2.0492,1.8397,0,3,0
5.1179,12.199,20.968,7.1869,2.0359,3.2962,5.6619,4.3756,0,3,0
3.1008,15.396,16.751,2.7577,3.4043,2.4072,3.6367,2.2014,0,3,0
3.897,11.063,9.735,1.5429,1.9038,2.5303,6.5978,3.0013,0,3,0
3.3545,8.0048,12.093,1.0631,3.2969,3.1456,4.1302,2.4167,0,3,0
4.0592,6.3679,15.136,2.6783,2.8032,2.176,3.3941,2.5975,0,3,0
2.6175,6.6195,13.789,1.5162,1.8679,2.0937,3.1093,2.8911,0,3,0
3.1785,6.2372,9.3045,1.5949,3.2487,2.1653,3.3481,1.6641,0,3,0
3.7023,13.42,17.539,2.1807,3.4407,2.084,8.3379,1.8672,0,3,0
16.306,32.337,26.974,3.3782,7.792,9.1904,13.836,6.6455,0,3,0
5.2601,16.48,21.524,2.1383,3.7908,2.9945,7.2543,2.2978,0,3,0
5.1165,7.2224,11.592,1.2149,1.767,3.366,4.7926,3.0324,0,3,0
3.8173,7.4431,11.545,0.9746,3.4728,2.6072,4.5122,2.7859,0,3,0
3.96,5.7794,6.8047,1.0337,1.4525,1.8901,4.0438,1.1599,0,3,0
3.8807,9.6088,8.8017,1.1825,1.8261,2.7282,3.2753,2.3223,0,3,0
2.2021,4.2035,8.1947,1.4163,0.9256,1.9805,4.291,2.3031,0,3,0
3.91,6.5755,9.1904,0.71653,3.1408,2.7791,3.651,2.3289,0,3,0
2.4323,7.0196,13.662,2.1936,2.4762,2.1284,3.7242,2.4763,0,3,0
3.87,3.7778,7.7849,2.0342,0.61874,2.0972,3.2874,2.5095,0,3,0
2.6793,5.9493,12.199,1.5693,2.246,2.706,3.8277,1.687,0,3,0
5.5619,9.8839,11.027,2.1051,1.0626,2.8098,5.1319,2.077,0,3,0
3.6668,6.9716,8.7889,1.3403,1.5842,2.7808,4.4683,2.398,0,3,0
2.3776,5.0677,8.0118,2.6413,0.64038,2.4055,3.3259,2.2846,0,3,0
2.4913,12.445,13.703,2.9826,1.381,4.0707,6.5044,3.6153,0,3,0
3.3545,8.2025,9.1129,1.7154,1.8303,1.7494,6.415,2.3737,0,3,0
3.6755,6.5757,8.8327,1.6192,1.1184,3.0462,4.1413,2.3086,0,3,0
2.5436,6.2431,10.48,1.7266,1.6804,2.3833,4.8531,1.9043,0,3,0
3.1884,3.0914,4.9801,0.97697,1.045,1.2622,2.297,1.8546,0,3,0
3.0734,10.329,15.303,1.8512,2.5821,3.2899,3.4865,3.4884,0,3,0
4.0346,9.1326,16.902,3.8993,2.1171,2.1204,4.7103,2.7822,0,3,0
4.2077,8.0309,10.123,1.9131,2.1719,1.8555,4.3917,2.5991,0,3,0
2.8147,6.8434,10.328,1.2371,0.84594,2.6282,3.4909,1.8766,0,3,0
3.8424,15.404,12.865,2.3053,2.8178,2.6331,6.2212,3.1089,0,3,0
3.4864,5.4894,10.861,2.6376,1.1109,1.6833,3.5525,2.2691,0,3,0
3.6123,9.2075,13.581,1.0682,2.0082,2.2994,5.72,1.6215,0,3,0
2.4993,10.798,9.2447,1.1015,1.9062,2.4481,4.9667,2.5719,0,3,0
3.8118,10.981,8.4644,0.98994,1.6538,3.6818,4.0191,2.9709,0,3,0
7.0401,8.2648,13.649,1.2416,1.4962,2.2725,6.6435,2.444,0,3,0
2.5416,3.7465,4.7608,1.0744,1.0264,2.4101,3.1748,2.2261,0,3,1
2.5158,5.3112,6.0061,0.78219,1.1337,2.2882,2.4932,1.3855,0,3,1
4.8044,6.7925,8.8701,2.6951,1.2575,2.6581,5.0786,2.1251,0,3,1
3.5363,4.6889,9.6068,2.3547,1.1004,1.8864,2.979,1.8025,0,3,1
22.278,17.381,20.756,4.1878,2.927,5.0921,14.979,6.1936,0,3,1
2.7407,8.7108,22.581,3.3665,2.8778,2.4217,3.4684,2.3165,0,3,1
4.7567,11.591,20.315,4.8367,2.3632,1.6567,5.2305,2.0271,0,3,1
5.1885,13.479,17.614,2.2624,1.9303,4.2094,10.297,5.1541,0,3,1
9.2829,12.726,12.447,2.5829,3.1413,4.3783,6.2106,3.4866,0,3,1
12.209,0.85514,0.4579,5.4191,1.8462,2.4212,2.7937,1.3446,0,4,0
12.034,1.5136,0.79062,4.4174,2.2694,2.5252,2.4919,2.2469,0,4,0
14.188,3.2814,1.8516,6.2616,2.7539,2.4437,4.2757,1.5648,0,4,0
9.4623,1.2913,1.1962,4.8671,2.0302,1.8745,2.4514,1.6836,0,4,0
10.616,1.3461,1.4512,4.7307,1.3004,2.0551,1.9424,1.3955,0,4,0
12.541,1.9159,1.1397,3.7504,1.0269,2.5133,3.1891,2.3221,0,4,0
12.252,1.1389,1.2588,9.6501,3.438,2.8759,4.9728,1.518,0,4,0
13.42,1.6499,0.80145,5.5753,2.7634,2.9389,2.9791,1.8474,0,4,0
13.698,3.0517,1.8738,7.2725,2.4309,2.4638,3.4036,2.6726,0,4,0
14.134,1.8412,1.3047,6.8152,1.7428,2.372,4.3544,2.4726,0,4,0
10.682,1.5723,2.2738,5.3015,1.4247,1.805,2.8696,2.539,0,4,0
11.443,2.9458,0.8074,5.2491,1.1136,2.3594,2.498,1.4565,0,4,0
18.11,2.6524,1.5006,4.613,2.0516,2.7898,2.7683,3.5463,0,4,0
11.394,1.6357,0.90813,9.8905,1.5837,2.8431,4.2775,2.1979,0,4,0
15.548,4.2613,1.5479,5.9081,0.87151,2.6042,3.7221,2.9955,0,4,0
10.691,1.7117,0.66437,5.3328,1.3132,2.2349,2.7914,1.6015,0,4,0
11.715,1.1257,1.5026,6.748,2.0982,2.0635,2.8985,2.0424,0,4,0
11.932,1.6892,2.1749,3.543,0.99936,2.3496,2.3209,1.9527,0,4,0
14.736,1.9959,2.6391,5.6541,2.9064,2.2776,2.8939,3.0822,0,4,0
11.598,1.9431,2.4338,8.4428,2.3489,1.9839,9.0249,1.279,0,4,0
14.742,5.0278,2.8003,4.8061,1.5557,3.0473,2.3127,3.0689,0,4,0
17.571,3.3699,0.75043,5.8779,2.6153,3.0778,4.264,3.4952,0,4,0
11.045,2.2168,1.1401,10.049,2.1302,2.1508,6.0398,2.1721,0,4,0
13.534,1.0182,1.8492,8.334,1.6337,2.2026,3.7405,2.0825,0,4,0
14.572,4.0169,2.7527,6.6474,1.2462,2.7865,4.9351,2.1779,0,4,0
14.012,2.447,1.0691,5.6364,1.6507,2.0562,4.2565,1.9774,0,4,0
13.915,0.4401,2.059,8.118,1.4599,2.8017,4.5026,3.1213,0,4,0
14.639,4.9057,0.90913,5.8967,1.6393,2.5261,2.9228,1.5468,0,4,0
15.214,1.4092,2.8405,6.8657,2.3206,1.8436,4.6688,2.7289,0,4,0
15.702,1.5212,1.4995,12.136,3.7618,2.9614,4.8975,1.8723,0,4,0
19.547,3.9065,1.5827,8.3892,3.5531,2.9576,3.8228,2.3744,0,4,0
11.233,1.2141,2.2993,4.5468,1.0737,1.9759,2.9245,1.956,0,4,0
12.443,1.2759,1.5524,6.819,0.84977,2.4885,4.6026,1.7744,0,4,0
9.7518,0.47321,1.8767,6.418,1.2239,1.1021,3.0698,1.4572,0,4,0
11.984,2.501,1.9653,7.9603,1.9281,2.7356,3.454,1.914,0,4,0
16.14,2.9118,3.2045,11.503,3.0569,2.8067,4.5668,3.2647,0,4,0
15.428,2.7648,1.1017,7.7423,2.7374,1.9165,3.0229,3.4054,0,4,0
27.381,5.8318,4.2068,17.12,2.7902,4.646,14.81,5.5013,0,4,0
18.119,3.057,1.5273,8.7298,1.9828,4.3836,5.995,3.7865,0,4,0
13.032,2.785,2.2747,5.8927,1.2278,2.165,2.8823,1.711,0,4,0
15.524,1.8577,3.2913,8.5834,2.8864,2.376,3.3678,2.3579,0,4,0
11.325,1.3637,1.0374,3.8454,1.5515,2.2604,2.0335,1.8077,0,4,0
19.714,6.7742,7.1316,12.391,2.0261,3.3405,5.6254,4.4267,0,4,0
12.432,1.5369,2.7524,15.041,3.3645,2.5206,3.5885,2.2401,0,4,0
13.066,1.8403,1.5564,10.781,1.9141,2.6161,6.3934,3.1179,0,4,0
15.465,2.1627,1.0646,7.8244,3.2589,3.1815,4.0454,2.5002,0,4,0
14.185,2.3547,2.6095,6.2437,2.7781,2.3188,3.3338,2.6624,0,4,0
13.251,3.1239,1.5328,6.4624,1.8154,2.1122,3.0626,3.0026,0,4,0
10.332,1.8354,1.5899,6.1628,3.1762,2.3275,3.294,1.7669,0,4,0
17.133,7.1781,2.1641,13.434,3.4155,2.0616,8.1452,2.0542,0,4,0
48.426,4.7113,3.4322,32.096,7.6469,8.6808,13.562,6.0968,0,4,0
18.716,3.7054,1.1894,7.129,1.7014,3.4786,4.7198,3.1365,0,4,0
13.691,1.0999,0.93999,7.4081,3.5099,2.6648,4.4794,2.868,0,4,0
12.952,1.6172,1.0257,5.6611,1.4344,1.8658,3.9836,1.1383,0,4,0
15.001,2.5735,1.2164,9.3738,1.7639,2.6494,3.1638,2.3028,0,4,0
13.983,2.7545,1.4005,4.1632,0.88422,1.9436,4.1708,2.2494,0,4,0
14.811,5.2702,4.7232,11.432,2.3453,1.6778,5.1331,2.0755,0,4,0
16.17,5.1202,0.73266,6.5549,3.1019,2.8887,3.584,2.4524,0,4,0
14.399,3.2538,2.1883,6.9081,2.4623,2.1712,3.6505,2.5177,0,4,0
12.507,1.149,1.9875,3.7519,0.63467,2.0847,3.1831,2.506,0,4,0
12.851,1.5023,1.5399,5.8952,2.1697,2.7311,3.7236,1.7243,0,4,0
19.652,4.5725,2.2638,13.25,1.9112,4.0751,10.21,4.7054,0,4,0
15.125,3.5008,1.3231,6.8536,1.5258,2.8854,4.3617,2.4589,0,4,0
12.628,0.43045,2.6084,4.9969,0.64117,2.3255,3.2168,2.291,0,4,0
11.206,0.65767,1.7204,8.0191,1.7848,1.8111,6.3425,2.5045,0,4,0
14.985,1.4726,1.6328,6.5439,1.0801,3.096,4.1169,2.3727,0,4,0
11.015,2.9989,0.95147,3.0571,1.0122,1.3116,2.2671,1.8854,0,4,0
18.386,3.5282,1.8117,10.271,2.6241,3.294,3.4404,3.5181,0,4,0
13.849,1.2872,3.9157,8.9717,2.1056,2.1737,4.5973,2.8181,0,4,0
14.686,1.9673,1.232,6.5585,0.83781,2.784,3.3757,1.9565,0,4,0
15.894,1.1824,2.3147,14.983,2.7781,2.7184,6.044,3.2401,0,4,0
14.521,2.4925,2.6066,5.512,1.0927,1.7124,3.4752,2.3522,0,4,0
12.385,2.5412,1.0315,9.0368,1.9899,2.2417,5.5605,1.6288,0,4,0
14.441,1.3187,1.0786,10.612,1.8974,2.3852,4.863,2.6549,0,4,0
21.377,4.3933,1.0439,10.801,1.5991,3.8195,3.9082,3.1064,0,4,0
12.358,1.9431,1.23,8.1347,1.4986,2.3134,6.4147,2.5446,0,4,0
22.145,3.4062,2.5695,12.688,3.136,4.6472,6.1181,3.5602,0,4,0
16.558,2.1149,1.6015,8.6887,1.4,2.4847,4.3269,4.4006,0,4,1
14.812,2.4205,1.5786,7.3116,1.52,2.9116,6.9314,4.0407,0,4,1
11.228,1.425,1.2645,8.2889,1.1028,2.219,4.9254,1.6074,0,4,1
16.39,2.1016,3.3461,7.0448,4.2325,3.2142,4.2497,2.9885,0,4,1
18.644,2.2638,1.7502,11.515,3.2153,3.2268,6.0727,2.7969,0,4,1
16.675,1.1949,2.0502,16.247,3.7266,2.9795,7.1043,2.3095,0,4,1
14.364,3.4343,2.1299,9.7909,1.0254,2.89,5.0621,2.1574,0,4,1
17.314,2.6665,2.9552,12.161,1.3487,4.0837,6.3368,3.6161,0,4,1
12.05,0.9338,1.6818,6.1418,1.6933,2.3098,4.6748,1.8229,0,4,1
13.428,4.2315,1.8363,7.8555,2.1289,1.9017,4.2965,2.7008,0,4,1
2.2499,5.2254,0.77337,0.43178,1.7966,2.3679,1.304,2.5956,0,5,0
2.4405,4.2022,1.4978,0.68672,2.2115,2.4609,2.1664,2.5944,0,5,0
5.1536,6.0358,3.3793,1.8006,2.6762,2.5202,1.5635,4.457,0,5,0
2.7673,4.7095,1.225,1.1676,1.9768,1.8742,1.6801,2.4177,0,5,0
3.8239,9.0165,2.2179,1.4535,1.3429,2.3709,4.2472,4.3776,0,5,0
2.4608,3.5287,1.7738,0.92623,0.9678,2.4011,2.2198,2.9749,0,5,0
4.7024,9.3479,1.1269,1.1205,3.2781,2.7687,1.5272,5.1001,0,5,0
2.4409,5.3447,1.6308,0.8209,2.5619,2.8044,1.7654,3.0262,0,5,0
3.4707,7.2689,2.9762,1.7996,2.3732,2.4174,2.6109,3.3731,0,5,0
3.6514,6.7313,1.6985,1.1735,1.6915,2.3897,2.4442,4.5502,0,5,0
2.453,5.1256,2.8853,0.70483,1.0919,2.268,1.3779,2.3424,0,5,0
3.4661,4.4716,2.408,1.4656,2.0508,2.6977,3.4541,2.6851,0,5,0
2.8138,5.5947,4.182,1.3745,0.86716,2.5616,2.9072,3.4795,0,5,0
2.2672,5.0056,1.6945,0.67242,1.2832,2.1584,1.5546,2.7097,0,5,0
2.7388,6.4944,1.0975,1.5231,2.0828,2.0241,2.0014,2.8479,0,5,0
2.3042,3.5182,1.6864,1.8828,0.96316,2.2602,1.8928,2.2567,0,5,0
3.0769,5.4521,1.9718,2.3111,2.9804,2.2567,2.9807,2.9216,0,5,0
4.0304,8.3367,1.9244,2.3544,2.1608,1.9668,1.2475,9.0355,0,5,0
3.3105,4.5771,4.8976,2.6952,1.5101,2.8426,3.0012,2.1827,0,5,0
3.1977,5.7679,3.3348,0.73148,2.4564,3.0533,3.4454,4.1835,0,5,0
4.8492,10.207,2.1421,1.0796,2.1439,2.1048,2.1764,6.1983,0,5,0
6.5706,7.2323,2.4257,1.4627,1.4437,2.6794,3.8419,6.8684,0,5,0
3.5842,7.9589,0.90836,1.694,1.6114,2.0533,2.003,3.7529,0,5,0
4.7491,6.6247,4.0073,2.4554,1.2033,2.6633,2.1158,5.0173,0,5,0
3.9117,5.5229,2.4116,1.1223,1.5189,2.0243,1.9659,4.4085,0,5,0
3.2372,7.9674,0.42809,2.1069,1.3524,2.7044,2.9992,4.4604,0,5,0
3.6454,5.5143,4.8341,0.95091,1.6708,2.5313,1.5641,2.7896,0,5,0
4.7956,6.9916,1.426,2.9986,2.4258,1.7432,2.585,4.7021,0,5,0
3.4851,8.4199,1.421,1.3281,1.1362,2.0923,1.5589,4.9631,0,5,0
3.6528,7.0083,2.097,3.1281,3.9867,3.285,2.9492,4.1785,0,5,0
4.1024,11.966,1.4481,1.4632,3.6623,2.9979,1.855,4.92,0,5,0
2.5398,8.1835,3.9281,1.4218,3.4706,2.8494,2.336,3.9002,0,5,0
3.4244,4.6344,1.1963,2.2882,1.0762,1.8798,1.807,2.9031,0,5,0
3.6416,6.6124,1.3112,1.3995,0.80196,2.4135,1.7248,4.6425,0,5,0
3.0936,6.0801,0.46036,1.7945,1.1893,1.0789,1.4513,2.9785,0,5,0
4.2977,7.8927,2.4181,1.8411,1.8845,2.6459,1.8991,3.5236,0,5,0
5.5381,11.343,2.8231,3.0515,3.0244,2.9163,3.2099,4.6807,0,5,0
4.4987,7.3477,2.6116,0.99528,2.5658,1.9257,3.2758,2.9132,0,5,0
21.019,16.741,6.0113,3.9095,2.9735,4.9829,6.0146,14.328,0,5,0
5.3807,11.319,2.2048,1.6517,3.3419,3.1617,2.8692,6.0863,0,5,0
5.4062,8.4935,2.9049,1.3396,1.9288,4.2322,3.7449,6.0277,0,5,0
3.3117,5.4639,2.6579,2.0858,1.1202,2.0891,1.6442,2.7753,0,5,0
2.6264,8.3998,1.9049,3.288,2.7101,2.3885,2.3079,3.4135,0,5,0
2.5873,3.6495,1.2956,0.96583,1.4694,2.2226,1.8161,1.9583,0,5,0
4.9737,11.249,6.7849,6.793,1.9516,3.2592,4.3477,5.3831,0,5,0
3.0256,15.015,1.4845,2.6197,3.2564,2.402,2.1868,3.5046,0,5,0
3.8728,10.871,1.7546,1.4198,1.7833,2.5152,2.9896,6.528,0,5,0
3.3196,7.8324,2.2122,0.99911,3.1771,3.1185,2.4075,4.011,0,5,0
3.8886,6.1759,2.3161,2.6204,2.6735,2.1727,2.5802,3.2964,0,5,0
2.5154,6.4778,2.8905,1.4009,1.834,2.0779,2.8832,2.9928,0,5,0
3.1853,5.9993,1.7449,1.5201,3.168,2.1724,1.6697,3.2435,0,5,0
3.6355,12.581,7.0955,2.0391,3.2848,2.0518,1.8726,8.1701,0,5,0
15.641,30.715,4.5942,3.0952,7.5091,9.0188,6.5011,13.378,0,5,0
5.1601,15.84,1.0756,2.1297,3.6648,2.963,2.2744,7.0935,0,5,0
4.921,6.948,3.7464,1.1875,1.7598,3.3493,3.0186,4.6059,0,5,0
3.7236,7.0745,1.1005,0.98721,3.2056,2.5796,2.7711,4.3143,0,5,0
3.848,5.6423,1.6461,0.98701,1.4059,1.8592,1.1426,3.9017,0,5,0
3.7745,9.43,2.4661,1.0619,1.8246,2.6929,2.2989,3.2589,0,5,0
2.0704,4.0578,2.5857,1.3721,0.95539,1.9487,2.2745,4.2223,0,5,0
4.6164,11.196,5.3215,4.6849,2.2589,1.6387,2.0257,5.0692,0,5,0
2.3953,6.7907,2.9617,2.0793,2.3484,2.1092,2.4604,3.6284,0,5,0
3.7325,3.6197,1.1391,1.9972,0.55779,2.0753,2.4847,3.2615,0,5,0
2.6169,5.6874,1.5406,1.5428,2.2295,2.6712,1.6711,3.7475,0,5,0
5.378,9.4296,3.1659,1.9548,1.0492,2.7943,2.0672,4.9634,0,5,0
5.0367,13.082,4.3142,2.1418,1.8383,4.1446,5.0275,9.8511,0,5,0
3.519,6.7521,3.2793,1.2967,1.5643,2.7584,2.3797,4.3879,0,5,0
2.3226,4.8813,0.47716,2.5404,0.60739,2.3669,2.2704,3.2972,0,5,0
2.4492,12.146,2.5712,2.8405,1.3617,4.0246,3.5703,6.3957,0,5,0
3.3056,7.9974,0.67316,1.6042,1.8046,1.7404,2.371,6.1384,0,5,0
3.5479,6.2707,1.436,1.5075,1.1214,3.0176,2.297,3.9467,0,5,0
2.4874,6.0193,0.90174,1.7011,1.5563,2.3459,1.8727,4.8402,0,5,0
3.0559,2.9771,2.9318,0.97118,1.0429,1.2546,1.8384,2.2236,0,5,0
2.917,9.7919,3.2732,1.7968,2.365,3.2459,3.4655,3.3535,0,5,0
3.9112,8.8268,1.3011,3.6446,2.0028,2.0919,2.7489,4.6047,0,5,0
4.1637,7.8768,4.118,1.9367,2.1357,1.8391,2.6083,4.2906,0,5,0
2.8395,6.9257,1.9398,1.1782,0.8161,2.6323,1.873,3.481,0,5,0
3.851,15.112,1.0695,2.1495,2.7075,2.6108,3.1075,6.1454,0,5,0
3.4276,5.1057,2.4849,2.5261,1.0861,1.6698,2.2627,3.4511,0,5,0
2.4569,10.441,1.3812,1.0794,1.8174,2.4156,2.5628,4.8439,0,5,0
6.9611,7.9704,1.9464,1.1926,1.4181,2.2568,2.4297,6.6028,0,5,0
9.0268,12.033,3.379,2.4437,2.9232,4.3566,3.4575,5.9836,0,5,0
3.0291,4.5032,1.3133,1.3088,1.1971,2.0655,1.4029,1.8735,0,5,1
3.0612,5.2743,1.5062,1.7049,1.3954,1.7072,2.4231,2.7584,0,5,1
3.5752,9.5542,1.5898,0.84496,1.5642,2.7842,2.1193,4.311,0,5,1
3.7752,6.2486,4.7342,0.66523,3.0173,2.7676,2.3243,3.5484,0,5,1
3.5002,8.9253,2.4213,1.0733,1.8944,2.2629,1.6104,5.6263,0,5,1
3.7486,10.591,4.4151,0.867,1.6715,3.6593,2.963,3.9475,0,5,1
11.898,0.79431,0.44888,5.3611,1.8342,2.3956,2.74,1.3157,0,6,0
11.965,1.5171,0.76391,4.3704,2.2678,2.4968,2.5244,2.198,0,6,0
14.561,3.3976,1.8303,6.229,2.7474,2.5364,4.3162,1.5663,0,6,0
9.5073,1.2561,1.1848,4.8368,2.0086,1.8959,2.4428,1.6831,0,6,0
16.299,2.2386,1.5584,8.7896,1.3913,2.3967,4.3464,4.2908,0,6,0
10.512,1.3295,1.4136,4.6662,1.2781,2.0787,1.9286,1.4115,0,6,0
12.308,1.8044,1.0906,3.6991,1.0123,2.4326,3.1462,2.2472,0,6,0
12.146,1.1428,1.2279,9.5836,3.4011,2.8065,5.0092,1.5459,0,6,0
13.147,1.6366,0.80972,5.5109,2.7154,2.845,2.9899,1.7843,0,6,0
13.579,3.0516,1.8486,7.2951,2.4245,2.4464,3.4041,2.6237,0,6,0
14.222,1.7177,1.2689,6.7915,1.7257,2.4167,4.4084,2.4559,0,6,0
10.495,1.54,2.1211,5.2979,1.4179,1.7371,2.845,2.4436,0,6,0
11.137,2.9407,0.77742,5.237,1.1046,2.3099,2.461,1.4048,0,6,0
17.932,2.462,1.499,4.5669,2.0429,2.7339,2.7628,3.5045,0,6,0
11.234,1.6274,0.88981,9.8187,1.5826,2.8201,4.288,2.1364,0,6,0
15.48,4.258,1.4975,5.8161,0.86262,2.596,3.6489,2.9383,0,6,0
10.582,1.719,0.66372,5.2634,1.3083,2.1922,2.7719,1.5683,0,6,0
11.582,1.114,1.5088,6.6993,2.1019,2.0511,2.8902,2.0245,0,6,0
11.819,1.7214,2.1091,3.5516,0.99162,2.2844,2.3131,1.9068,0,6,0
14.58,2.0144,2.5514,5.6123,2.9239,2.2845,2.9041,3.0118,0,6,0
11.638,1.9586,2.4128,8.4298,2.3035,2.0018,9.047,1.2627,0,6,0
17.48,3.4011,0.74973,5.8393,2.5787,3.096,4.2423,3.4824,0,6,0
11.016,2.1953,1.1226,10.097,2.1409,2.1274,6.0884,2.1853,0,6,0
14.404,2.4517,1.5529,7.305,1.5058,2.7305,6.9215,3.9018,0,6,0
13.309,0.9317,1.7997,8.2227,1.6265,2.0781,3.7364,2.0264,0,6,0
14.477,4.0676,2.6792,6.6473,1.2354,2.6782,4.9724,2.1343,0,6,0
14.133,2.472,1.0782,5.5966,1.6197,2.0515,4.2931,1.9708,0,6,0
13.725,0.43412,2.0713,8.0822,1.4361,2.7388,4.499,3.0289,0,6,0
14.815,4.9382,0.90771,5.8094,1.6441,2.5523,2.8953,1.5624,0,6,0
15.554,1.4461,2.9044,6.8849,2.3433,1.7679,4.6834,2.6161,0,6,0
11.026,1.4387,1.281,8.3459,1.1092,2.1261,4.9345,1.5845,0,6,0
16.53,2.1204,3.2833,7.025,4.1548,3.3041,4.2395,2.9781,0,6,0
15.735,1.4682,1.4924,12.106,3.7422,3.0348,4.9181,1.8576,0,6,0
19.706,3.9915,1.5501,8.3528,3.5489,2.8905,3.8381,2.3579,0,6,0
11.018,1.2173,2.2871,4.5569,1.0715,1.9062,2.9262,1.8385,0,6,0
9.7098,0.46793,1.8487,6.3364,1.2204,1.0927,3.0579,1.4625,0,6,0
12.043,2.4267,1.9291,7.9512,1.9347,2.6715,3.4653,1.9142,0,6,0
16.252,2.8623,3.1526,11.462,3.0662,2.9451,4.5874,3.2289,0,6,0
15.213,2.6588,1.0713,7.6546,2.7009,1.9571,2.9932,3.313,0,6,0
29.446,6.0791,4.1365,17.024,2.8341,4.9755,14.695,6.0318,0,6,0
18.839,2.2126,1.7295,11.476,3.2481,3.2265,6.0913,2.8751,0,6,0
17.959,2.9723,1.479,8.6714,1.9786,4.289,6.0054,3.7884,0,6,0
12.905,2.7134,2.2193,5.8025,1.1996,2.104,2.8641,1.6602,0,6,0
15.526,1.9073,3.2923,8.5448,2.8567,2.4097,3.3742,2.3191,0,6,0
11.307,1.3203,1.0216,3.7952,1.532,2.2439,2.018,1.8298,0,6,0
20.178,6.8935,7.0189,12.097,2.0115,3.3117,5.5658,4.3832,0,6,0
12.352,1.5122,2.7349,15.045,3.3343,2.4298,3.5739,2.2078,0,6,0
12.901,1.7902,1.5114,10.832,1.8871,2.5505,6.4388,3.0281,0,6,0
15.295,2.2213,1.0466,7.8388,3.2558,3.1517,4.0325,2.432,0,6,0
14.118,2.352,2.6086,6.2157,2.7572,2.2088,3.3264,2.6138,0,6,0
13.193,2.9487,1.4981,6.4579,1.8121,2.094,3.0384,2.9144,0,6,0
9.9774,1.7783,1.5798,6.1316,3.1798,2.1982,3.2855,1.682,0,6,0
17.051,7.2352,2.1046,13.199,3.3962,2.079,8.1766,1.91,0,6,0
51.234,4.6896,3.3501,31.755,7.6019,9.0706,13.489,6.5049,0,6,0
16.623,1.1194,2.0545,16.164,3.7182,2.9891,7.1369,2.3007,0,6,0
18.424,3.7723,1.1849,7.0941,1.7112,3.393,4.682,3.0571,0,6,0
13.745,1.1185,0.95504,7.3353,3.4397,2.621,4.448,2.7937,0,6,0
14.914,2.5156,1.17,9.3958,1.7818,2.7044,3.1856,2.3133,0,6,0
13.883,2.6588,1.3981,4.152,0.90602,1.9733,4.1842,2.2884,0,6,0
14.816,5.3726,4.69,11.418,2.3275,1.6618,5.1165,2.0306,0,6,0
15.807,4.8531,0.711,6.5082,3.0894,2.803,3.5803,2.358,0,6,0
14.119,2.9968,2.1592,6.888,2.4331,2.1398,3.6479,2.4847,0,6,0
12.388,1.1503,1.9929,3.725,0.61154,2.0914,3.2022,2.5077,0,6,0
12.744,1.5566,1.5436,5.8408,2.1793,2.7191,3.7229,1.6986,0,6,0
14.002,3.2219,2.0895,9.7073,1.0251,2.8258,5.0637,2.0969,0,6,0
20.416,4.4456,2.2345,13.216,1.8856,4.1725,10.145,5.0479,0,6,0
17.632,2.6113,2.9245,12.17,1.3569,4.0768,6.3676,3.617,0,6,0
11.12,0.68176,1.6905,8.0166,1.7951,1.7634,6.2971,2.4039,0,6,0
14.699,1.4709,1.6006,6.4944,1.0951,3.0616,4.0858,2.3229,0,6,0
12.38,0.90563,1.6918,6.104,1.657,2.3661,4.7107,1.8833,0,6,0
10.832,2.9716,0.9585,3.0439,1.0229,1.2737,2.2677,1.8621,0,6,0
18.529,3.3721,1.7985,10.132,2.5585,3.2942,3.4126,3.489,0,6,0
13.63,1.2992,3.8572,8.9344,2.079,2.1425,4.6041,2.7977,0,6,0
13.114,4.192,1.861,7.8871,2.1432,1.864,4.3022,2.6081,0,6,0
14.346,1.9711,1.2203,6.6613,0.8361,2.6568,3.4091,1.8909,0,6,0
15.642,1.0924,2.273,15.023,2.762,2.6556,6.0874,3.1336,0,6,0
12.402,2.4676,1.0439,9.0184,1.9531,2.2855,5.5751,1.6184,0,6,0
14.547,1.3957,1.0821,10.579,1.879,2.4286,4.8661,2.5864,0,6,0
21.302,4.4667,1.0031,10.754,1.6311,3.7183,3.9137,3.0018,0,6,0
12.475,2.0024,1.2187,8.0966,1.489,2.2781,6.4624,2.4697,0,6,0
21.848,3.4247,2.5351,12.546,3.0585,4.4538,6.0931,3.5069,0,6,0
14.42,5.0027,2.764,4.747,1.5521,2.881,2.2829,3.0122,0,6,1
12.033,1.3327,1.5155,6.7796,0.84137,2.4508,4.6347,1.7464,0,6,1
13.089,1.6599,1.0104,5.6679,1.4353,1.8835,3.9669,1.1524,0,6,1
14.773,3.3242,1.3164,6.8367,1.524,2.811,4.3812,2.4139,0,6,1
12.551,0.47212,2.5958,4.963,0.6317,2.3853,3.2306,2.28,0,6,1
14.473,2.4849,2.5887,5.3908,1.0886,1.6868,3.459,2.2851,0,6,1
11.945,5.8063,0.80531,0.44172,2.398,5.3275,2.7063,1.3196,0,7,0
11.965,7.4686,1.5151,0.74424,2.4998,4.3228,2.5318,2.2055,0,7,0
14.468,12.54,3.3718,1.8237,2.5144,6.1652,4.3393,1.5639,0,7,0
9.4844,9.2999,1.2612,1.1785,1.8895,4.7959,2.4318,1.681,0,7,0
16.332,11.276,2.212,1.5356,2.4115,8.8171,4.3444,4.3091,0,7,0
10.517,6.881,1.3312,1.3887,2.071,4.6238,1.9109,1.4064,0,7,0
12.34,4.6563,1.8245,1.0491,2.4454,3.6541,3.1005,2.2596,0,7,0
12.15,11.449,1.14,1.2001,2.8164,9.5176,5.0198,1.5383,0,7,0
13.583,11.413,3.0497,1.8374,2.4464,7.2662,3.3883,2.6301,0,7,0
14.188,10.351,1.7393,1.2456,2.4053,6.7704,4.428,2.4572,0,7,0
10.515,8.1641,1.5432,2.0204,1.7476,5.2806,2.8209,2.4593,0,7,0
11.184,5.8344,2.94,0.75949,2.3175,5.1954,2.4305,1.4135,0,7,0
17.95,9.1829,2.4956,1.4843,2.7418,4.5444,2.7352,3.5103,0,7,0
11.251,8.852,1.6273,0.87852,2.822,9.745,4.286,2.1465,0,7,0
15.476,10.835,4.2565,1.4698,2.5939,5.7639,3.614,2.9459,0,7,0
10.59,6.1161,1.716,0.66417,2.1982,5.1943,2.7535,1.5729,0,7,0
11.594,7.6238,1.1153,1.5094,2.0514,6.6394,2.8735,2.026,0,7,0
11.828,8.0007,1.713,2.0541,2.2949,3.5294,2.2943,1.9137,0,7,0
14.594,10.712,2.0089,2.496,2.2804,5.5645,2.9004,3.0231,0,7,0
11.616,17.83,1.9542,2.3947,1.996,8.3931,9.0293,1.2646,0,7,0
14.467,13.427,5.0049,2.7494,2.9097,4.7028,2.2557,3.0201,0,7,0
11.006,11.422,2.1981,1.1129,2.1295,10.104,6.1005,2.1801,0,7,0
14.469,8.1614,2.4438,1.5266,2.7624,7.2751,6.9013,3.926,0,7,0
13.335,8.7801,0.94747,1.7771,2.0995,8.1597,3.7357,2.0352,0,7,0
14.479,8.6349,4.0553,2.6247,2.6961,6.6297,4.9686,2.1406,0,7,0
13.745,13.5,0.43239,2.0742,2.7482,8.0456,4.4812,3.0439,0,7,0
14.759,11.168,4.929,0.91849,2.5441,5.728,2.8623,1.5568,0,7,0
11.052,6.0218,1.4348,1.2854,2.1414,8.3409,4.936,1.5873,0,7,0
16.481,16.06,2.1137,3.2487,3.2825,7.0105,4.2157,2.9775,0,7,0
15.71,11.386,1.4771,1.4811,3.0173,12.057,4.9048,1.8584,0,7,0
19.648,14.431,3.9722,1.5144,2.8996,8.2938,3.843,2.3576,0,7,0
11.045,9.3599,1.2155,2.2882,1.9173,4.5684,2.9124,1.8597,0,7,0
12.099,8.4193,1.3195,1.4868,2.456,6.7288,4.6205,1.7502,0,7,0
9.7064,6.8143,0.46792,1.8376,1.0928,6.2733,3.0314,1.46,0,7,0
12.016,10.507,2.4385,1.9101,2.6811,7.9252,3.4751,1.9121,0,7,0
16.21,20.995,2.8701,3.1322,2.9143,11.422,4.604,3.2329,0,7,0
15.239,9.6872,2.6767,1.0529,1.9469,7.5734,2.9725,3.3283,0,7,0
29.003,20.231,6.0236,4.0809,4.9046,16.941,14.598,5.9205,0,7,0
18.777,14.446,2.2204,1.7079,3.222,11.423,6.0755,2.8564,0,7,0
17.972,9.2627,2.9863,1.446,4.3029,8.6233,6.0025,3.7853,0,7,0
15.507,22.069,1.8941,3.2854,2.4001,8.4982,3.3797,2.3238,0,7,0
11.295,4.8137,1.3273,1.0058,2.2444,3.7555,2.0003,1.8229,0,7,0
20.054,20.344,6.8655,6.9752,3.3137,11.882,5.5179,4.388,0,7,0
12.35,16.331,1.5157,2.6997,2.4444,15.019,3.5508,2.2115,0,7,0
12.917,9.4918,1.7982,1.4935,2.5603,10.815,6.446,3.0428,0,7,0
15.308,11.833,2.2068,1.0347,3.1536,7.8194,4.024,2.442,0,7,0
14.114,14.762,2.3511,2.6093,2.2274,6.2014,3.3127,2.621,0,7,0
13.187,13.431,2.98,1.4751,2.0949,6.4527,3.0262,2.9288,0,7,0
10.032,9.0771,1.7873,1.5608,2.2205,6.0891,3.269,1.6964,0,7,0
50.634,26.266,4.6901,3.2894,8.9858,31.498,13.462,6.4165,0,7,0
16.614,20.955,1.1325,2.0742,2.984,16.073,7.1037,2.2999,0,7,0
18.463,11.353,3.7558,1.1834,3.4069,7.0486,4.6636,3.0702,0,7,0
13.044,6.6403,1.6492,1.0043,1.8762,5.6474,3.9455,1.1472,0,7,0
14.91,8.5881,2.5253,1.1458,2.6903,9.3829,3.1961,2.3082,0,7,0
13.885,7.9972,2.6761,1.3865,1.9649,4.1145,4.1864,2.2786,0,7,0
14.795,19.774,5.3479,4.6945,1.6624,11.336,5.0994,2.0373,0,7,0
15.861,8.9428,4.9022,0.69746,2.8165,6.4311,3.5652,2.3744,0,7,0
12.396,7.5928,1.1482,1.9882,2.0875,3.6904,3.209,2.505,0,7,0
12.75,11.893,1.5441,1.5363,2.719,5.7981,3.727,1.7021,0,7,0
14.057,10.765,3.2593,2.054,2.8349,9.6347,5.0246,2.107,0,7,0
20.232,17.128,4.4668,2.2075,4.1474,13.156,10.057,4.9747,0,7,0
14.825,8.5807,3.3557,1.3083,2.8227,6.8048,4.3703,2.4203,0,7,0
12.55,7.8325,0.46257,2.5783,2.3704,4.9381,3.2416,2.2797,0,7,0
17.547,13.365,2.6187,2.904,4.074,12.145,6.3581,3.6123,0,7,0
11.123,8.8922,0.67531,1.6698,1.7707,8.0011,6.2546,2.4214,0,7,0
14.738,8.6121,1.4696,1.5771,3.0656,6.4261,4.0451,2.3306,0,7,0
12.299,10.226,0.90964,1.689,2.3525,6.0802,4.7332,1.8692,0,7,0
10.855,4.8676,2.9741,0.95695,1.2793,3.0206,2.2495,1.8646,0,7,0
18.476,14.864,3.4003,1.7982,3.2898,10.05,3.3953,3.4909,0,7,0
13.658,16.493,1.2952,3.8036,2.1466,8.9014,4.5972,2.7992,0,7,0
13.155,9.8793,4.1974,1.8711,1.8677,7.8587,4.29,2.6228,0,7,0
14.391,10.074,1.9675,1.2077,2.6779,6.6975,3.4147,1.9011,0,7,0
15.673,12.552,1.1072,2.244,2.6644,15.026,6.0844,3.1516,0,7,0
14.465,10.611,2.4815,2.5717,1.6888,5.3293,3.4562,2.2958,0,7,0
12.381,13.23,2.4796,1.046,2.2737,8.9839,5.5788,1.6182,0,7,0
21.297,8.2646,4.4494,0.96742,3.7347,10.706,3.9171,3.0194,0,7,0
12.435,13.285,1.9891,1.2103,2.2815,8.0583,6.4837,2.4817,0,7,0
21.885,12.096,3.4164,2.5135,4.4877,12.412,6.0596,3.5137,0,7,0
13.185,11.921,1.6371,0.80688,2.8605,5.4693,2.9933,1.7948,0,7,1
17.479,8.8903,3.3929,0.7409,3.0897,5.8165,4.2237,3.482,0,7,1
14.091,7.7714,2.4658,1.0854,2.0492,5.5748,4.3112,1.9698,0,7,1
15.465,10.334,1.4372,2.9063,1.7797,6.8986,4.6764,2.6342,0,7,1
12.914,6.4291,2.7247,2.1911,2.1137,5.7115,2.8364,1.6681,0,7,1
17.041,17.02,7.2203,2.0997,2.072,13.054,8.1534,1.9352,0,7,1
13.71,11.253,1.1131,0.95665,2.625,7.2625,4.407,2.8019,0,7,1
14.156,13.351,3.0424,2.1375,2.1436,6.8525,3.6356,2.4891,0,7,1
14.507,9.019,1.3788,1.0778,2.4166,10.533,4.8506,2.5966,0,7,1
0.45087,2.2824,5.3629,0.77402,2.41,1.8391,2.7354,1.3113,0,8,0
0.76207,2.4178,4.3874,1.5394,2.5179,2.29,2.5534,2.1979,0,8,0
1.8269,5.1381,6.2755,3.501,2.6342,2.7694,4.3468,1.5759,0,8,0
1.1869,2.8196,4.8633,1.2696,1.9391,2.0036,2.4542,1.691,0,8,0
1.549,3.9121,8.8787,2.3535,2.3625,1.4006,4.3787,4.2528,0,8,0
1.4095,3.0945,4.668,1.3378,2.1183,1.2811,1.9393,1.4382,0,8,0
1.0892,2.5258,3.7081,1.7574,2.413,1.0141,3.1591,2.2245,0,8,0
0.82231,2.4533,5.5145,1.6382,2.8231,2.7161,3.0072,1.7609,0,8,0
1.8456,3.4443,7.3612,3.1275,2.4744,2.4418,3.4293,2.6085,0,8,0
1.2647,3.6397,6.8148,1.6565,2.4827,1.7253,4.4521,2.4549,0,8,0
2.0927,3.1452,5.329,1.565,1.7284,1.4246,2.8549,2.4018,0,8,0
0.77201,2.4681,5.2791,2.9901,2.3201,1.1039,2.4652,1.3984,0,8,0
1.5151,3.4374,4.5663,2.392,2.7374,2.044,2.7897,3.524,0,8,0
0.8883,3.6422,9.8544,1.6641,2.843,1.5943,4.3133,2.1103,0,8,0
1.4866,2.8202,5.808,4.326,2.6372,0.85896,3.6327,2.9366,0,8,0
0.66613,2.2618,5.2816,1.7504,2.201,1.3168,2.7814,1.5621,0,8,0
1.5188,2.8082,6.7317,1.1234,2.0735,2.1196,2.9075,2.0378,0,8,0
2.5366,3.0649,5.6379,2.0741,2.3258,2.9416,2.9261,2.9923,0,8,0
2.4207,3.977,8.4777,2.0053,2.0578,2.3028,9.1076,1.2693,0,8,0
2.7582,3.3853,4.7537,5.0863,2.81,1.5663,2.2897,2.9863,0,8,0
0.75963,3.232,5.8511,3.4888,3.1555,2.5821,4.2562,3.5122,0,8,0
1.5599,6.5563,7.3487,2.4986,2.6638,1.5138,6.9533,3.8633,0,8,0
1.787,3.6436,8.217,0.89635,2.0224,1.6305,3.7488,2.0146,0,8,0
2.6747,4.797,6.6855,4.16,2.6229,1.2391,5.0215,2.126,0,8,0
1.085,3.9229,5.605,2.5491,2.088,1.6211,4.3238,1.9754,0,8,0
2.0868,3.2991,8.1122,0.45528,2.7339,1.4396,4.5262,2.9961,0,8,0
0.90314,3.7711,5.8275,5.0637,2.5997,1.6539,2.9109,1.581,0,8,0
2.9636,4.8363,6.9168,1.4971,1.7511,2.3577,4.7176,2.5796,0,8,0
1.2962,3.4454,8.4229,1.4674,2.1032,1.1154,4.958,1.599,0,8,0
3.274,3.7562,7.0494,2.1676,3.3972,4.1345,4.2656,3.0012,0,8,0
1.5018,4.1192,12.163,1.4521,3.1317,3.7575,4.962,1.852,0,8,0
1.5587,2.5788,8.4012,4.1149,2.8966,3.5803,3.8625,2.3789,0,8,0
2.2858,3.5015,4.5749,1.2442,1.8899,1.0744,2.9494,1.789,0,8,0
1.5145,3.7751,6.8126,1.4037,2.4638,0.84659,4.6869,1.75,0,8,0
1.8429,3.2173,6.3442,0.47692,1.107,1.2312,3.08,1.4791,0,8,0
3.1404,5.4703,11.504,2.8636,3.0863,3.0992,4.6082,3.2243,0,8,0
4.1394,22.074,17.074,6.3436,5.2222,2.8608,14.73,6.4525,0,8,0
1.7367,5.2487,11.527,2.1856,3.3102,3.2746,6.1396,2.9441,0,8,0
2.2067,3.3869,5.8241,2.7227,2.0786,1.1972,2.8817,1.6447,0,8,0
3.3105,2.7139,8.5823,1.9602,2.4626,2.8756,3.388,2.3079,0,8,0
1.0255,2.6325,3.8022,1.3178,2.2604,1.5346,2.0273,1.8677,0,8,0
2.7574,3.0851,15.12,1.5243,2.4014,3.3379,3.5932,2.2122,0,8,0
1.497,3.8471,10.923,1.7945,2.547,1.8944,6.4907,3.006,0,8,0
1.0464,3.3227,7.8939,2.2802,3.1739,3.2858,4.0446,2.4181,0,8,0
1.495,2.6076,6.4841,2.8867,2.1039,1.8138,3.0409,2.8867,0,8,0
1.5922,3.1639,6.1626,1.776,2.14,3.1997,3.3042,1.6394,0,8,0
2.0725,3.6399,13.179,7.4091,2.1337,3.418,8.2472,1.8547,0,8,0
3.3453,16.121,31.798,4.7743,9.4135,7.6081,13.501,6.8251,0,8,0
2.0513,5.2042,16.224,1.1176,3.0293,3.738,7.2116,2.3268,0,8,0
1.1881,5.0712,7.1277,3.849,3.3776,1.7183,4.6847,3.0392,0,8,0
0.96991,3.7558,7.3617,1.1574,2.6496,3.4398,4.4715,2.7912,0,8,0
1.008,3.8969,5.7101,1.7115,1.9385,1.4508,3.9848,1.1834,0,8,0
1.1587,3.8561,9.4586,2.5225,2.7635,1.7996,3.207,2.3423,0,8,0
4.679,4.6909,11.508,5.5004,1.6836,2.3384,5.1355,2.0055,0,8,0
0.70952,3.8795,6.5536,4.7785,2.7845,3.1068,3.6023,2.3256,0,8,0
2.1623,2.3968,6.9253,2.8634,2.154,2.4357,3.6694,2.4862,0,8,0
2.0088,3.8367,3.7459,1.1692,2.1196,0.60592,3.2246,2.5349,0,8,0
1.5593,2.6176,5.8542,1.6165,2.7626,2.1886,3.7332,1.7103,0,8,0
2.0939,5.5117,9.7324,3.1367,2.8205,1.0241,5.1122,2.085,0,8,0
2.2416,5.1376,13.285,4.4952,4.2895,1.8813,10.198,5.3301,0,8,0
1.3233,3.6052,6.8735,3.2445,2.8164,1.5199,4.4207,2.4203,0,8,0
2.6087,2.3499,4.9758,0.50367,2.4553,0.63301,3.2459,2.2851,0,8,0
2.927,2.4538,12.238,2.6218,4.1314,1.3717,6.4209,3.6763,0,8,0
1.6896,3.3155,8.0556,0.71645,1.7577,1.813,6.3162,2.3669,0,8,0
1.7079,2.5111,6.1158,0.89396,2.4321,1.6529,4.7393,1.9439,0,8,0
0.96975,3.1512,3.0634,2.9952,1.2715,1.0349,2.2902,1.8738,0,8,0
1.7962,3.0208,10.127,3.3611,3.3556,2.5526,3.418,3.4978,0,8,0
3.866,3.9419,8.9632,1.3096,2.1762,2.0798,4.631,2.8368,0,8,0
1.8809,4.149,7.9626,4.2324,1.8783,2.172,4.332,2.5486,0,8,0
2.2714,3.7732,15.103,1.0657,2.668,2.7706,6.1446,3.0847,0,8,0
2.5968,3.4488,5.3659,2.497,1.6976,1.0944,3.4622,2.264,0,8,0
1.0567,3.5629,9.0626,2.4655,2.3501,1.9388,5.6042,1.6254,0,8,0
1.0923,2.4844,10.625,1.472,2.4827,1.8866,4.8981,2.5684,0,8,0
1.0036,3.7584,10.792,4.567,3.7096,1.6645,3.9304,2.969,0,8,0
2.5342,9.1258,12.582,3.4977,4.421,3.0272,6.1208,3.5298,0,8,0
1.2305,4.6391,9.6169,1.1698,2.8062,3.4067,5.0476,1.5927,0,8,1
2.1077,2.3892,3.589,1.7881,2.2647,0.99648,2.3298,1.8919,0,8,1
1.1209,4.8685,10.166,2.2343,2.1398,2.1611,6.1384,2.2087,0,8,1
1.9229,4.3816,7.9924,2.3857,2.6567,1.9632,3.4797,1.9335,0,8,1
1.0669,4.4756,7.6764,2.6358,2.0257,2.7095,2.9973,3.2854,0,8,1
1.4732,5.455,8.6942,2.9828,4.2878,1.9956,6.0374,3.8321,0,8,1
6.9914,5.0335,12.084,7.0869,3.3526,2.0249,5.5767,4.3875,0,8,1
2.6176,4.0191,6.2293,2.3844,2.1751,2.7674,3.3441,2.6136,0,8,1
1.4109,2.1687,4.1891,2.6622,2.0268,0.92426,4.2082,2.3322,0,8,1
1.6004,3.6256,6.5327,1.5099,3.084,1.1099,4.1076,2.3155,0,8,1
1.2256,2.8169,6.7399,2.0157,2.601,0.84425,3.4439,1.8694,0,8,1
1.2221,6.9574,8.1254,2.107,2.2876,1.5038,6.5063,2.4629,0,8,1
5.2711,14.555,1.9093,2.7985,6.3271,2.5237,4.524,1.5837,0,9,0
2.8893,9.5036,1.2257,2.1017,4.9443,1.8868,2.5201,1.7027,0,9,0
3.9551,16.36,1.6011,1.4151,9.1305,2.4196,4.501,4.3237,0,9,0
3.14,10.519,1.437,1.2924,4.8003,2.0824,1.9688,1.4149,0,9,0
2.5556,12.343,1.0612,1.034,3.7704,2.4449,3.1843,2.262,0,9,0
4.756,12.117,1.2268,3.4936,9.8559,2.8126,5.211,1.5339,0,9,0
2.496,13.147,0.82372,2.768,5.6849,2.855,3.1141,1.801,0,9,0
3.5313,13.634,1.9196,2.477,7.4846,2.4449,3.496,2.6563,0,9,0
3.747,14.189,1.2889,1.7926,7.0387,2.402,4.5931,2.4803,0,9,0
3.2142,10.516,2.06,1.4586,5.4683,1.7372,2.917,2.4756,0,9,0
2.5502,11.147,0.78697,1.1536,5.3383,2.2988,2.5104,1.4019,0,9,0
3.5191,17.914,1.5177,2.1415,4.7428,2.7381,2.799,3.4985,0,9,0
3.7208,11.254,0.91235,1.6229,10.081,2.8177,4.4499,2.1608,0,9,0
2.8995,15.4,1.5296,0.91383,6.0015,2.586,3.7774,2.9522,0,9,0
2.3259,10.603,0.69295,1.3387,5.3461,2.1882,2.8522,1.5807,0,9,0
2.8709,11.592,1.5673,2.1547,6.8475,2.0464,2.9681,2.0265,0,9,0
2.4015,11.865,2.1003,1.014,3.6204,2.3013,2.3607,1.9273,0,9,0
3.1505,14.594,2.5829,3.0545,5.7453,2.2763,3.0023,3.0323,0,9,0
4.1279,11.599,2.4807,2.3444,8.6845,1.9773,9.3492,1.2644,0,9,0
3.408,14.473,2.8772,1.5748,4.8741,2.9127,2.3265,3.0559,0,9,0
3.3308,17.413,0.7544,2.636,6.055,3.0772,4.3871,3.486,0,9,0
4.9741,10.996,1.1593,2.2009,10.488,2.1332,6.3268,2.2007,0,9,0
6.7131,14.406,1.5631,1.5293,7.526,2.7476,7.1615,3.9145,0,9,0
3.6808,13.265,1.8591,1.6882,8.4953,2.1061,3.8948,2.0383,0,9,0
4.8222,14.526,2.7032,1.2702,6.8724,2.725,5.127,2.1516,0,9,0
4.0301,14.073,1.1354,1.645,5.8086,2.043,4.4889,1.9936,0,9,0
3.8302,14.828,0.98257,1.7127,5.895,2.5519,2.9432,1.5816,0,9,0
4.9382,15.466,2.9572,2.4682,7.1965,1.7779,4.8408,2.6387,0,9,0
3.5307,11.016,1.3294,1.1625,8.6163,2.1341,5.1372,1.5782,0,9,0
3.8116,16.472,3.384,4.3193,7.2951,3.2996,4.3545,2.9839,0,9,0
4.2519,15.716,1.527,3.8509,12.497,3.0077,5.0596,1.8846,0,9,0
2.633,19.67,1.5386,3.6113,8.5609,2.891,3.9956,2.3637,0,9,0
3.5633,11.022,2.4014,1.1188,4.7715,1.915,3.003,1.853,0,9,0
3.8574,12.085,1.5311,0.85084,6.9486,2.445,4.7474,1.7497,0,9,0
3.28,9.7185,1.924,1.2388,6.499,1.0905,3.1161,1.4669,0,9,0
4.4373,12.037,1.9922,1.9392,8.2151,2.6918,3.6295,1.921,0,9,0
4.6345,15.207,1.092,2.7448,7.8214,1.9308,3.0879,3.3356,0,9,0
22.407,29.103,4.2152,2.9819,17.591,4.966,15.145,5.9486,0,9,0
5.484,18.749,1.7581,3.3937,11.84,3.1816,6.277,2.8863,0,9,0
5.5661,17.901,1.4916,2.0115,8.9537,4.2974,6.237,3.7838,0,9,0
3.4081,12.967,2.2868,1.222,5.8625,2.1302,2.9179,1.6753,0,9,0
2.7603,15.511,3.4073,2.8796,8.8018,2.4048,3.5269,2.347,0,9,0
2.6709,11.301,1.0324,1.569,3.8856,2.2502,2.0649,1.8303,0,9,0
5.1789,20.07,7.3117,2.0447,12.255,3.2942,5.7172,4.4103,0,9,0
3.1169,12.325,2.7596,3.4478,15.593,2.4495,3.6682,2.219,0,9,0
3.9395,12.919,1.5694,1.9091,11.175,2.5557,6.6813,3.0432,0,9,0
3.3838,15.287,1.0742,3.3083,8.0896,3.158,4.1902,2.4509,0,9,0
4.0877,14.063,2.7214,2.8272,6.4638,2.2189,3.4307,2.6186,0,9,0
2.627,13.146,1.5282,1.9058,6.7164,2.1056,3.1552,2.9378,0,9,0
3.1987,10.045,1.5979,3.285,6.2899,2.2282,3.38,1.7114,0,9,0
3.7492,16.955,2.2495,3.458,13.565,2.0643,8.4116,1.9223,0,9,0
5.3068,16.617,2.1988,3.8286,16.656,2.9935,7.296,2.2998,0,9,0
5.1509,18.421,1.2338,1.8028,7.2896,3.4053,4.8641,3.0703,0,9,0
3.8625,13.743,0.98115,3.4898,7.4973,2.6099,4.5408,2.8163,0,9,0
4.0054,13.06,1.0502,1.4567,5.835,1.8688,4.0857,1.1495,0,9,0
3.9033,14.908,1.1945,1.8482,9.7222,2.7117,3.3275,2.3225,0,9,0
2.2228,13.883,1.4219,0.9312,4.219,1.9582,4.3523,2.2916,0,9,0
4.8048,14.819,4.942,2.3814,11.658,1.6568,5.2968,2.0654,0,9,0
3.9346,15.856,0.72052,3.1653,6.5937,2.8166,3.6875,2.3712,0,9,0
2.4605,14.148,2.2137,2.5017,7.088,2.1363,3.765,2.4964,0,9,0
3.8959,12.407,2.0542,0.62566,3.8015,2.0965,3.3356,2.5118,0,9,0
2.723,12.659,1.5794,2.2875,6.0125,2.6956,3.8942,1.6921,0,9,0
5.601,14.026,2.111,1.0894,9.984,2.8393,5.1521,2.1029,0,9,0
5.2294,20.27,2.2767,1.9617,13.621,4.1644,10.367,4.9982,0,9,0
3.7089,14.77,1.3532,1.6286,7.0435,2.7985,4.5077,2.4134,0,9,0
2.3999,12.541,2.6647,0.64529,5.1307,2.3768,3.3845,2.3021,0,9,0
2.5213,17.554,3.0188,1.3905,12.597,4.0647,6.5716,3.6019,0,9,0
3.387,11.1,1.7311,1.8459,8.3083,1.7697,6.4808,2.4209,0,9,0
3.7119,14.721,1.63,1.1274,6.6068,3.0547,4.1653,2.3349,0,9,0
2.5694,12.285,1.7425,1.6964,6.3296,2.3568,4.9383,1.8786,0,9,0
3.2142,10.87,0.98443,1.0547,3.113,1.275,2.3049,1.862,0,9,0
3.1076,18.429,1.8888,2.5968,10.457,3.2724,3.5331,3.5146,0,9,0
4.0979,13.554,3.9185,2.141,9.2495,2.1121,4.7687,2.7768,0,9,0
4.2551,13.2,1.9402,2.1778,8.0909,1.864,4.437,2.6705,0,9,0
2.8245,14.412,1.245,0.84898,6.9343,2.6939,3.5311,1.91,0,9,0
3.8983,15.623,2.3251,2.8499,15.623,2.6477,6.2846,3.1722,0,9,0
3.5178,14.421,2.6653,1.1236,5.5626,1.6925,3.6143,2.305,0,9,0
3.6487,12.355,1.0797,2.0512,9.3111,2.2738,5.8046,1.6325,0,9,0
2.515,14.528,1.1096,1.9201,10.921,2.4322,5.0188,2.6087,0,9,0
3.8544,21.247,0.97843,1.6555,11.113,3.7181,4.0838,3.0202,0,9,0
7.1098,12.399,1.2549,1.4926,8.3616,2.2901,6.747,2.4701,0,9,0
9.3958,21.744,2.6139,3.2102,12.818,4.4369,6.274,3.5052,0,9,0
2.3223,11.88,0.45288,1.8939,5.5467,2.3984,2.8093,1.3256,0,9,1
2.4896,11.966,0.76366,2.3005,4.4575,2.4907,2.6162,2.1996,0,9,1
3.3537,13.739,2.1532,1.4553,8.3477,2.7473,4.6362,3.0563,0,9,1
5.6589,16.168,3.2804,3.1215,11.865,2.9096,4.8091,3.2598,0,9,1
16.439,50.655,3.394,7.9142,32.689,9.0256,14.065,6.4797,0,9,1
5.9674,0.81609,12.027,0.4513,1.8479,2.417,2.791,1.3429,0,10,0
7.5925,1.5144,12.035,0.77765,2.2394,2.5091,2.4897,2.226,0,10,0
12.67,3.361,14.476,1.8691,2.7279,2.4981,4.3087,1.5926,0,10,0
9.3787,1.2534,9.5193,1.1993,2.0532,1.8842,2.4488,1.7138,0,10,0
11.397,2.1664,16.529,1.6044,1.3868,2.4653,4.3294,4.3869,0,10,0
7.0027,1.341,10.591,1.4428,1.2856,2.0823,1.9282,1.4155,0,10,0
4.683,1.8673,12.477,1.1033,1.0218,2.4847,3.1519,2.3005,0,10,0
11.757,1.1334,12.194,1.2365,3.4327,2.8498,4.9892,1.5272,0,10,0
12.007,1.6705,13.291,0.79014,2.7474,2.9012,2.9936,1.8342,0,10,0
11.612,2.991,13.738,1.8857,2.4129,2.46,3.3885,2.6913,0,10,0
10.539,1.8038,14.204,1.2957,1.7532,2.3928,4.367,2.5015,0,10,0
8.5689,1.5307,10.621,2.2087,1.4211,1.7667,2.859,2.5259,0,10,0
5.9944,2.9161,11.297,0.8006,1.124,2.3226,2.4831,1.4252,0,10,0
9.1801,2.5494,18.042,1.4779,2.0747,2.7696,2.7308,3.5263,0,10,0
8.999,1.6031,11.357,0.90643,1.575,2.8363,4.2881,2.1967,0,10,0
11.144,4.227,15.46,1.5461,0.88892,2.5957,3.7435,2.9866,0,10,0
8.2398,1.6759,11.959,2.1335,0.99335,2.3365,2.3023,1.9558,0,10,0
13.762,4.9547,14.65,2.8229,1.5362,2.9885,2.2965,3.0979,0,10,0
9.0585,3.3432,17.494,0.73604,2.6043,3.0786,4.2712,3.5056,0,10,0
11.546,2.1687,11.045,1.1438,2.1202,2.1519,6.054,2.2083,0,10,0
8.314,2.4403,14.607,1.5536,1.5048,2.8265,6.9413,3.9826,0,10,0
8.9697,0.96968,13.38,1.8593,1.6407,2.1639,3.7638,2.0689,0,10,0
8.8049,4.0223,14.627,2.7221,1.2439,2.7846,4.9195,2.1799,0,10,0
7.9452,2.4084,14.069,1.0808,1.6384,2.0502,4.284,2.0085,0,10,0
13.539,0.43119,13.858,2.0639,1.445,2.7817,4.4949,3.1065,0,10,0
11.385,4.8503,14.818,0.93854,1.6455,2.5517,2.893,1.5863,0,10,0
10.448,1.4156,15.382,2.7953,2.3481,1.8134,4.665,2.6922,0,10,0
6.0299,1.4303,11.129,1.2626,1.1129,2.1769,4.9508,1.5914,0,10,0
16.29,2.111,16.468,3.3544,4.2694,3.2789,4.2324,2.9998,0,10,0
11.431,1.5011,15.761,1.4895,3.7561,2.9877,4.8772,1.9032,0,10,0
14.683,3.9127,19.673,1.5449,3.5147,2.9244,3.8381,2.3784,0,10,0
9.4066,1.2068,11.137,2.3279,1.0822,1.9484,2.9095,1.9045,0,10,0
8.4768,1.2847,12.286,1.5351,0.8386,2.4661,4.5676,1.7673,0,10,0
10.411,2.5146,12.061,1.9726,1.8846,2.7294,3.4847,1.9303,0,10,0
21.315,2.8924,16.173,3.2312,3.0232,2.8651,4.6094,3.293,0,10,0
9.8959,2.707,15.338,1.0974,2.7145,1.9189,3.0256,3.387,0,10,0
20.417,5.9233,28.402,4.1809,2.8156,4.8651,14.807,5.7638,0,10,0
14.517,2.282,18.731,1.7342,3.2343,3.1842,6.057,2.8719,0,10,0
9.4619,2.9793,18.012,1.5117,1.9613,4.3492,6.0156,3.797,0,10,0
6.6028,2.7252,13.071,2.2822,1.2211,2.166,2.8572,1.7031,0,10,0
22.08,1.9091,15.565,3.2941,2.8432,2.4002,3.3942,2.3759,0,10,0
4.8653,1.3355,11.345,1.0241,1.5461,2.2657,2.023,1.8296,0,10,0
20.936,6.7801,19.942,7.1956,2.0048,3.3131,5.614,4.4492,0,10,0
9.6116,1.8023,13.031,1.5715,1.891,2.5903,6.4029,3.0904,0,10,0
11.819,2.2111,15.403,1.0635,3.2207,3.1817,4.0646,2.4891,0,10,0
14.921,2.3453,14.126,2.6289,2.7678,2.2674,3.3302,2.6468,0,10,0
13.636,3.0311,13.203,1.5267,1.8386,2.1219,3.078,2.9865,0,10,0
9.174,1.7962,10.22,1.568,3.1753,2.2891,3.2854,1.7543,0,10,0
17.518,7.1231,17.017,2.2298,3.3843,2.062,8.1124,1.9812,0,10,0
26.766,4.6448,49.732,3.4024,7.6992,8.9141,13.663,6.3539,0,10,0
21.339,1.1178,16.699,2.1017,3.7195,3.0033,7.0433,2.312,0,10,0
11.442,1.0969,13.763,0.93213,3.4807,2.6312,4.4464,2.8548,0,10,0
6.7238,1.6401,13.05,1.0327,1.4161,1.8649,3.9773,1.1471,0,10,0
8.6487,2.5263,14.99,1.2162,1.7643,2.7041,3.1835,2.3288,0,10,0
8.03,2.6596,13.966,1.3843,0.87616,1.9507,4.1875,2.2872,0,10,0
20.096,5.3332,14.872,4.7976,2.3318,1.6675,5.1429,2.0975,0,10,0
9.1616,4.9399,16.053,0.72615,3.086,2.8601,3.5761,2.4165,0,10,0
13.292,3.1745,14.305,2.1816,2.4601,2.1547,3.6471,2.5205,0,10,0
7.6854,1.1533,12.497,1.9827,0.63493,2.103,3.1972,2.5221,0,10,0
11.977,1.5258,12.724,1.5274,2.1916,2.7051,3.7573,1.7062,0,10,0
10.851,3.3383,14.21,2.1042,1.0463,2.8755,5.007,2.1339,0,10,0
17.395,4.4061,20.035,2.2446,1.9256,4.1427,10.143,4.8859,0,10,0
8.5774,3.4416,14.947,1.3194,1.5636,2.8321,4.3443,2.4383,0,10,0
7.8656,0.45947,12.61,2.5988,0.63732,2.3624,3.2457,2.3196,0,10,0
13.526,2.6342,17.489,2.9595,1.3376,4.0796,6.3233,3.61,0,10,0
8.9571,0.6616,11.169,1.7159,1.7752,1.7951,6.3346,2.4701,0,10,0
8.7293,1.4429,14.88,1.6229,1.0739,3.0771,4.0843,2.3652,0,10,0
10.347,0.93567,12.193,1.6762,1.6903,2.3439,4.7147,1.8634,0,10,0
4.9065,2.9859,10.981,0.94601,1.0082,1.293,2.2401,1.8769,0,10,0
9.9021,4.1875,13.377,1.8419,2.0994,1.8838,4.2894,2.7282,0,10,0
10.177,1.9546,14.6,1.2232,0.82782,2.757,3.3736,1.9445,0,10,0
10.69,2.5355,14.478,2.6039,1.0916,1.7088,3.5059,2.3421,0,10,0
13.424,2.4911,12.383,1.029,2.0217,2.2638,5.5872,1.6453,0,10,0
9.0822,1.3461,14.54,1.0718,1.8847,2.4265,4.8553,2.6476,0,10,0
8.3505,4.4283,21.345,1.0103,1.5698,3.7684,3.9345,3.0732,0,10,0
13.511,1.9104,12.389,1.2293,1.4681,2.315,6.4515,2.5064,0,10,0
12.458,3.4031,21.908,2.572,3.1878,4.5193,6.1096,3.54,0,10,0
6.1737,1.7095,10.682,0.66881,1.3045,2.2107,2.787,1.6014,0,10,1
7.6188,1.1181,11.683,1.5069,2.0859,2.0574,2.8864,2.0409,0,10,1
10.919,1.9721,14.706,2.6195,2.9254,2.2809,2.8921,3.074,0,10,1
18.146,1.9336,11.622,2.4287,2.3337,1.974,9.0224,1.2758,0,10,1
6.8922,0.46737,9.7699,1.8919,1.2089,1.0967,3.0417,1.4719,0,10,1
16.478,1.5149,12.393,2.7097,3.3721,2.4945,3.5742,2.2417,0,10,1
11.267,3.7645,18.593,1.1965,1.7233,3.4515,4.7468,3.1133,0,10,1
15.286,3.3847,18.419,1.8343,2.6051,3.2781,3.4495,3.5447,0,10,1
16.744,1.3212,13.666,3.882,2.1069,2.1246,4.6041,2.7908,0,10,1
12.612,1.134,15.771,2.3079,2.7789,2.6783,6.0307,3.231,0,10,1
20.064,3.0541,1.6144,3.9893,1.2031,4.1509,1.6382,4.768,1,1,0
17.857,3.5852,1.3615,4.1641,1.5041,2.7962,2.6624,3.1801,1,1,0
12.889,5.3602,1.4168,2.103,0.76527,1.5762,2.1371,2.3595,1,1,0
14.695,5.1423,1.1891,2.8514,1.0012,2.6752,2.3282,2.9093,1,1,0
15.803,2.7076,0.58431,3.5815,0.91648,3.266,2.0459,3.4408,1,1,0
14.14,2.8855,1.3083,2.9571,1.1005,3.116,1.4055,2.7621,1,1,0
10.974,4.2971,1.1832,3.3305,0.81278,1.6165,2.0668,1.875,1,1,0
16.316,5.8085,0.73534,2.0342,2.1388,3.5548,3.1732,3.181,1,1,0
18.888,3.3981,1.2735,3.6224,0.47008,3.7438,1.6918,3.7651,1,1,0
13.547,5.6753,1.6606,1.1913,1.349,2.5529,2.3436,2.7762,1,1,0
17.61,5.9691,2.1403,2.0437,2.0881,3.4024,1.8853,2.8676,1,1,0
14.625,5.4386,1.9529,7.917,2.1859,2.1021,1.7701,1.8136,1,1,0
18.452,5.6878,1.6978,5.2748,0.86265,3.8106,2.7553,3.1291,1,1,0
17.031,3.7788,1.0223,4.782,0.79681,2.3187,2.0764,2.9945,1,1,0
14.172,4.504,2.0682,4.4757,1.0848,3.1409,1.7561,1.913,1,1,0
15.802,3.8087,1.7759,3.1072,1.637,3.039,2.7579,2.5463,1,1,0
15.513,3.4192,0.86538,3.5169,0.7672,1.979,1.7672,2.6824,1,1,0
12.566,4.9195,2.5603,1.3045,1.2982,2.3874,1.6644,2.712,1,1,0
15.097,4.5478,1.4432,1.5535,0.90614,3.961,2.1098,3.1121,1,1,0
18.178,6.6911,0.93775,3.4745,1.1817,2.5003,2.9654,3.3311,1,1,0
16.403,4.377,1.5871,2.1009,1.0026,3.2351,1.8349,4.6194,1,1,0
12.867,5.8437,2.5166,2.4512,1.157,2.4151,2.1603,3.4046,1,1,0
15.471,6.9101,2.2601,3.2769,1.0714,3.1515,2.3303,2.2925,1,1,0
13.671,4.3055,1.4037,1.5451,1.3446,2.298,2.6457,2.7203,1,1,0
15.246,3.0651,0.81103,2.9761,0.81373,3.4197,2.3932,3.3163,1,1,0
17.735,4.5256,2.1169,1.6484,1.5759,4.0731,1.9769,4.3935,1,1,0
12.517,3.3736,0.93157,2.9042,1.7883,3.0211,2.1151,2.2937,1,1,0
12.762,5.1351,2.3898,0.72755,1.2568,2.1066,2.1642,3.3626,1,1,0
15.71,4.7831,1.6618,2.8554,1.2943,2.7764,2.76,3.0368,1,1,0
18.991,9.5977,1.2474,3.3333,2.1371,3.6834,3.0137,3.778,1,1,0
18.758,8.0658,1.774,1.9248,1.1344,4.2015,3.2084,3.4524,1,1,0
25.003,5.4845,2.308,3.1239,2.0929,6.944,4.1473,4.8455,1,1,0
15.359,3.4651,0.88334,3.3498,0.89645,3.3605,1.7544,3.0684,1,1,0
28.517,3.8157,1.2909,1.4551,1.142,10.406,1.8964,6.039,1,1,0
15.82,3.6089,1.118,1.2081,1.2757,2.3979,2.9124,2.8362,1,1,0
16.402,5.195,1.4129,6.0728,1.0003,2.4522,2.7187,2.5722,1,1,0
17.393,4.3298,1.466,1.3867,0.98173,5.5585,3.0648,4.1346,1,1,0
15.398,5.5773,2.1175,1.5169,1.5069,4.2523,3.4752,1.8515,1,1,0
18.434,3.3374,1.4958,5.4991,1.355,3.2672,2.143,2.533,1,1,0
16.442,5.4259,1.524,2.4285,3.0957,4.239,3.4433,2.1475,1,1,0
15.83,6.2391,2.2344,3.3996,0.98843,2.6748,2.7189,2.7559,1,1,0
15.364,3.4185,0.80626,1.6297,0.96769,2.6366,2.6069,4.7696,1,1,0
17.876,6.6795,1.408,3.9287,0.736,3.5719,2.7687,3.5505,1,1,0
21.798,8.9006,1.5522,8.267,1.0183,4.867,4.7642,5.0747,1,1,0
12.485,3.7431,0.81498,5.6571,1.1996,2.8744,1.5596,1.967,1,1,0
18.166,5.302,0.86675,4.9263,1.3787,4.4378,2.2878,2.445,1,1,0
12.764,3.7646,0.96319,1.1365,1.1699,2.1651,1.8878,2.9729,1,1,0
15.67,5.0414,0.9022,2.2747,2.6014,2.8574,2.2746,5.3146,1,1,0
16.247,4.2433,0.84149,2.4605,0.94848,3.5972,1.8129,3.6072,1,1,0
14.229,3.2763,0.6599,1.9548,1.2301,2.4478,2.7522,2.1368,1,1,0
16.038,4.8733,1.6888,1.7036,1.2326,3.9125,2.6923,3.0893,1,1,0
30.196,11.007,1.2956,3.8444,1.0322,6.3487,9.3217,9.352,1,1,0
21.865,3.5521,1.2956,1.9303,2.363,3.329,1.6972,4.3496,1,1,0
16.873,5.577,1.9361,1.7416,1.1808,3.5989,1.6715,3.7756,1,1,0
18.245,8.5348,1.0529,0.99951,1.2831,4.456,2.7025,4.2773,1,1,0
13.964,3.1466,0.6555,2.8457,1.4255,2.2659,2.3605,2.4126,1,1,0
16.772,5.6889,1.4428,2.0312,1.754,4.6143,2.402,3.4596,1,1,0
16.594,2.8973,0.50434,4.6687,1.0086,2.8669,1.7451,3.3724,1,1,1
24.902,5.2324,1.6547,1.9974,1.4307,8.1652,2.9936,5.8006,1,1,1
19.672,4.3927,1.4715,2.8087,1.2123,4.8172,1.9801,3.9708,1,1,1
16.298,3.4615,0.75515,2.5963,1.5802,2.704,2.6467,3.6076,1,1,1
14.45,3.7352,2.1014,1.7221,1.855,2.91,1.404,2.2368,1,1,1
13.746,3.9954,0.67244,1.318,0.89478,2.5286,1.4068,2.6859,1,1,1
4.3104,17.997,1.3416,3.6108,1.3791,2.7942,2.6222,3.2038,1,2,0
2.1222,12.807,1.4078,5.2438,0.71716,1.5586,2.1472,2.3573,1,2,0
2.814,14.615,1.1459,4.9558,0.94112,2.7145,2.3145,2.8763,1,2,0
3.6095,15.765,0.55836,2.6665,0.87119,3.2824,2.0237,3.4573,1,2,0
2.9665,14.052,1.3349,2.8291,1.0404,3.0827,1.3764,2.763,1,2,0
3.3462,10.839,1.1193,4.1072,0.77916,1.6109,1.991,1.8603,1,2,0
4.688,16.661,0.50846,2.8581,0.95039,2.917,1.7129,3.4621,1,2,0
1.9477,16.202,0.73182,5.6741,2.0266,3.5266,3.0922,3.2048,1,2,0
3.6079,18.85,1.253,3.2938,0.47194,3.7929,1.6817,3.7544,1,2,0
1.1682,13.656,1.6928,5.5231,1.2691,2.6127,2.2879,2.8359,1,2,0
1.9525,17.568,2.0452,5.8009,2.096,3.3856,1.8617,2.8783,1,2,0
7.9153,14.531,1.8854,5.3165,2.2409,2.0746,1.7837,1.8038,1,2,0
5.2416,18.404,1.6378,5.4345,0.86187,3.7273,2.7367,3.0968,1,2,0
4.9097,17.155,0.91699,3.6352,0.75478,2.3514,2.0274,3.0279,1,2,0
4.4385,14.251,1.9682,4.4349,1.0684,3.1837,1.7182,1.9553,1,2,0
3.1062,15.755,1.7313,3.6511,1.6235,2.9715,2.7444,2.5245,1,2,0
3.4908,15.318,0.82944,3.3576,0.74964,1.9535,1.7824,2.6485,1,2,0
1.2839,12.405,2.5746,4.7991,1.2365,2.3763,1.6528,2.7213,1,2,0
1.5278,15.179,1.5013,4.5552,0.87867,4.0545,2.0641,3.1241,1,2,0
3.424,18.217,0.97668,6.7248,1.1795,2.5186,2.9781,3.3251,1,2,0
2.0459,16.442,1.5174,4.2835,1.012,3.222,1.7761,4.7542,1,2,0
2.3474,12.847,2.6241,5.7467,1.1205,2.426,2.0981,3.4544,1,2,0
3.2284,15.524,2.2619,6.9844,1.0329,3.1312,2.3377,2.3134,1,2,0
1.5091,13.69,1.3617,4.1959,1.3493,2.3045,2.6464,2.7422,1,2,0
1.9878,25.26,1.6257,5.1828,1.406,8.2836,2.937,5.8712,1,2,0
2.8625,15.137,0.77419,2.9648,0.80839,3.3988,2.3601,3.3214,1,2,0
1.6484,17.718,2.1077,4.5393,1.522,4.0656,1.9125,4.39,1,2,0
2.893,12.513,0.94609,3.2535,1.6809,3.056,2.1169,2.316,1,2,0
0.70583,12.782,2.3925,4.9882,1.223,2.1027,2.0789,3.4022,1,2,0
2.8347,19.845,1.4719,4.3053,1.1919,4.9309,2.0049,3.9897,1,2,0
3.2684,18.753,1.2349,9.3582,2.1542,3.6358,2.9432,3.7531,1,2,0
1.9218,18.985,1.7919,7.842,1.0739,4.2317,3.2517,3.4829,1,2,0
3.4011,15.539,0.84875,3.3738,0.9186,3.3897,1.776,3.1094,1,2,0
1.434,28.86,1.2341,3.7151,1.1186,10.55,1.9309,6.0518,1,2,0
1.1777,15.714,1.0963,3.5266,1.1676,2.3915,2.8868,2.7717,1,2,0
1.3636,17.432,1.4601,4.2299,0.92766,5.5383,2.9623,4.1452,1,2,0
1.4703,15.401,2.2098,5.5897,1.5022,4.2638,3.5268,1.8416,1,2,0
5.3541,18.449,1.4776,3.4041,1.361,3.2427,2.1328,2.5272,1,2,0
2.4363,16.662,1.494,5.3977,2.9994,4.2868,3.3901,2.1635,1,2,0
3.2692,15.747,2.1385,6.121,0.98374,2.6887,2.6124,2.7592,1,2,0
2.6437,16.46,0.7317,3.4416,1.5466,2.7535,2.6822,3.697,1,2,0
1.6181,15.334,0.78468,3.264,0.90843,2.6095,2.5209,4.7932,1,2,0
3.9768,17.938,1.2819,6.3445,0.74239,3.63,2.6955,3.5582,1,2,0
8.1299,21.745,1.5601,8.7781,0.97253,4.8842,4.7355,5.0484,1,2,0
5.4657,12.274,0.75986,3.5214,1.1055,2.8088,1.5148,1.9382,1,2,0
4.7877,17.908,0.81816,5.1376,1.3015,4.4341,2.2258,2.4379,1,2,0
1.1623,12.644,0.91641,3.7059,1.1116,2.1517,1.9086,2.9445,1,2,0
2.2031,15.653,0.85245,4.7648,2.5054,2.8366,2.1724,5.3182,1,2,0
2.4486,16.272,0.8609,4.2012,0.90408,3.5977,1.7607,3.6704,1,2,0
1.6311,14.382,2.0705,3.6636,1.7835,2.903,1.3977,2.2429,1,2,0
1.8987,14.117,0.67218,3.1664,1.1579,2.4249,2.7425,2.1096,1,2,0
1.3112,13.718,0.66977,3.94,0.83827,2.5552,1.3739,2.6372,1,2,0
1.6298,16.149,1.6238,4.7664,1.2052,3.9629,2.6599,3.1403,1,2,0
3.7204,30.504,1.2427,10.736,0.97514,6.5154,9.2426,9.3886,1,2,0
1.8795,21.726,1.2432,3.4839,2.2687,3.242,1.6603,4.38,1,2,0
1.6894,16.795,1.8477,5.5381,1.2074,3.6125,1.6368,3.7648,1,2,0
1.0521,18.725,1.0211,8.516,1.2518,4.6486,2.6947,4.3667,1,2,0
2.8662,14.116,0.67657,3.0258,1.4099,2.3195,2.3231,2.4341,1,2,0
1.9824,16.839,1.2858,5.7403,1.6304,4.6734,2.4142,3.5303,1,2,0
4.0212,20.015,1.6506,3.0192,1.0718,4.1802,1.6302,4.7696,1,2,1
2.6046,15.725,1.6315,4.6149,1.254,2.7601,2.7607,3.0943,1,2,1
3.2293,25.109,2.2352,5.2505,1.9839,6.9868,4.0212,4.8153,1,2,1
6.0351,16.259,1.4183,5.2077,1.019,2.4222,2.6873,2.5865,1,2,1
2.533,3.0913,8.2478,1.1594,1.6774,4.2557,1.6553,4.7861,1,3,0
2.9044,3.6512,10.759,1.4702,1.3742,2.8289,2.7055,3.2555,1,3,0
2.2295,5.458,8.9253,0.75441,1.4712,1.5533,2.212,2.3573,1,3,0
1.9703,5.1249,6.2118,0.9838,1.1715,2.803,2.3894,2.8567,1,3,0
2.2738,2.745,6.5805,0.90738,0.57481,3.3419,2.0878,3.5088,1,3,0
2.0176,2.9306,7.6902,1.1013,1.357,3.0713,1.4287,2.7833,1,3,0
1.719,4.2996,4.8832,0.83385,1.1683,1.6195,2.0896,1.8538,1,3,0
1.8875,2.9558,7.6076,1.0039,0.51845,3.0193,1.7569,3.621,1,3,0
2.8598,5.8314,7.8352,2.1357,0.74569,3.5095,3.1986,3.2615,1,3,0
1.6338,5.735,9.865,1.337,1.7231,2.7223,2.3788,2.9462,1,3,0
3.4529,5.6872,10.127,0.84263,1.7039,3.6309,2.8043,3.0559,1,3,0
2.4066,3.7515,9.1547,0.78833,0.96084,2.4237,2.0991,3.1015,1,3,0
2.3598,4.5582,9.9017,1.0844,2.0741,3.2762,1.7751,2.0343,1,3,0
3.2757,3.8148,9.3437,1.6681,1.7909,2.896,2.8293,2.5162,1,3,0
1.5956,3.466,5.984,0.79003,0.87111,1.9396,1.8211,2.6135,1,3,0
1.6307,4.9865,9.685,1.3073,2.6468,2.3836,1.703,2.7533,1,3,0
2.1077,4.6672,8.9656,0.91526,1.5144,4.2215,2.1286,3.1688,1,3,0
2.4252,6.8866,7.8444,1.1703,0.97338,2.5704,3.0583,3.3369,1,3,0
1.9304,4.4848,5.9894,1.0362,1.5944,3.2297,1.8543,4.9759,1,3,0
1.3604,5.9579,8.5485,1.1665,2.6636,2.4643,2.1728,3.5491,1,3,0
2.2575,7.1319,9.0156,1.0744,2.3241,3.1285,2.4038,2.352,1,3,0
1.8681,4.3468,6.1619,1.3778,1.4182,2.3378,2.71,2.7934,1,3,0
2.5059,5.3036,8.1416,1.467,1.6503,8.5228,3.0013,5.9971,1,3,0
1.6213,3.0994,5.9842,0.83357,0.80379,3.3845,2.4582,3.3421,1,3,0
2.149,4.6407,6.8093,1.5985,2.1365,4.0829,2.0113,4.424,1,3,0
2.5769,3.3802,8.5608,1.7718,0.95383,3.1233,2.1764,2.3666,1,3,0
2.1274,4.7904,9.5264,1.3201,1.6935,2.7681,2.828,3.2048,1,3,0
1.9944,4.4723,6.1243,1.2342,1.5162,5.1405,2.0432,4.0433,1,3,0
2.0204,9.6894,9.2507,2.182,1.2819,3.6059,3.0455,3.7313,1,3,0
1.8424,8.1375,8.2509,1.1128,1.8137,4.315,3.2883,3.5601,1,3,0
4.0897,5.4624,10.535,2.084,2.2663,7.1148,4.1913,4.8084,1,3,0
1.7413,3.5012,6.1898,0.93049,0.89647,3.4602,1.8285,3.1895,1,3,0
3.765,3.8521,6.4645,1.1578,1.2917,10.834,1.938,6.1124,1,3,0
2.8492,3.6366,5.6884,1.2683,1.1299,2.4005,2.966,2.6961,1,3,0
1.7698,5.3333,9.4043,1.0176,1.5021,2.3971,2.7808,2.624,1,3,0
2.1111,4.3899,5.7006,0.97243,1.5004,5.544,3.0828,4.1892,1,3,0
2.4907,5.7043,11.68,1.5557,2.2212,4.3127,3.5989,1.8482,1,3,0
2.3969,3.4714,9.0779,1.4145,1.5465,3.2304,2.1948,2.534,1,3,0
3.0721,5.5482,9.8143,3.0527,1.5319,4.372,3.5028,2.2074,1,3,0
2.625,6.3253,10.468,1.0063,2.1907,2.7258,2.7142,2.7884,1,3,0
2.2807,3.5366,9.3454,1.5942,0.75606,2.8525,2.7135,3.8369,1,3,0
1.9013,3.4154,5.6698,0.95667,0.80556,2.5974,2.6376,4.8474,1,3,0
2.2836,6.6318,8.6239,0.7695,1.3354,3.7563,2.7951,3.5939,1,3,0
4.6606,9.0637,11.999,1.0268,1.5915,4.9636,4.8725,5.0667,1,3,0
1.7581,3.705,8.5638,1.1762,0.80013,2.7314,1.5652,1.9145,1,3,0
1.7909,5.3056,9.1494,1.3613,0.84926,4.4668,2.2971,2.4498,1,3,0
2.5151,3.825,4.766,1.1639,0.96341,2.157,1.9523,2.9187,1,3,0
2.0426,5.038,8.3685,2.6259,0.88892,2.8337,2.28,5.3534,1,3,0
1.811,4.3703,6.3291,0.95795,0.9009,3.6299,1.8371,3.7869,1,3,0
1.5924,3.7896,9.5967,1.8685,2.1491,2.909,1.4382,2.2624,1,3,0
1.9138,3.3143,7.34,1.2298,0.68947,2.4085,2.8135,2.0808,1,3,0
1.6073,4.0764,5.8325,0.89775,0.68806,2.6112,1.4277,2.5845,1,3,0
2.5959,4.9552,8.8245,1.2506,1.6815,4.0636,2.7502,3.2362,1,3,0
14.941,11.118,9.253,1.0244,1.2921,6.8011,9.5015,9.4973,1,3,0
2.3832,3.6063,11.011,2.3667,1.3283,3.1533,1.7124,4.455,1,3,0
3.031,3.1609,5.9846,1.4609,0.68334,2.4236,2.394,2.4887,1,3,0
2.1027,5.8677,5.934,1.7237,1.3715,4.7974,2.4828,3.6616,1,3,0
1.514,3.4099,6.8438,0.48014,1.2824,3.8894,1.7197,3.7715,1,3,1
2.0863,5.9926,11.899,2.1807,2.1349,3.3748,1.9031,2.9043,1,3,1
1.6757,5.5247,12.637,2.2292,1.94,2.0518,1.8289,1.7947,1,3,1
1.1744,5.2227,9.4532,1.2727,2.461,2.1138,2.1828,3.4872,1,3,1
1.5857,5.699,10.274,1.2129,1.9471,3.6568,1.7037,3.7578,1,3,1
2.6905,8.6887,8.8153,1.3069,1.0433,4.9733,2.7561,4.5236,1,3,1
20.1,4.1072,1.22,3.0341,1.6165,4.1636,1.6146,4.7286,1,4,0
18.008,4.295,1.5174,3.538,1.3513,2.8189,2.6702,3.1733,1,4,0
12.797,2.1429,0.76853,5.427,1.4575,1.5728,2.165,2.3158,1,4,0
14.731,2.8906,0.99763,5.1067,1.1606,2.7053,2.35,2.883,1,4,0
15.876,3.6255,0.91375,2.71,0.57356,3.3101,2.0575,3.4652,1,4,0
14.14,2.9874,1.1206,2.9059,1.3096,3.1306,1.4188,2.7635,1,4,0
10.922,3.339,0.84858,4.3235,1.1771,1.6159,2.0979,1.8589,1,4,0
16.724,4.7613,1.0238,2.9234,0.50452,2.9125,1.7314,3.4434,1,4,0
16.343,2.0424,2.163,5.7578,0.72835,3.5238,3.1729,3.17,1,4,0
18.958,3.6515,0.47128,3.3937,1.2605,3.7787,1.684,3.7779,1,4,0
13.608,1.2082,1.3576,5.7033,1.6646,2.5742,2.3651,2.8008,1,4,0
17.649,2.0756,2.1469,5.9486,2.144,3.3631,1.8668,2.8556,1,4,0
14.638,8.0927,2.1256,5.489,1.9254,2.0894,1.7821,1.7812,1,4,0
17.148,4.8508,0.79672,3.7405,0.99465,2.3406,2.0844,3.0115,1,4,0
14.297,4.5273,1.063,4.4895,2.097,3.1831,1.7586,1.9371,1,4,0
15.81,3.117,1.6373,3.8304,1.7749,2.9972,2.7802,2.5513,1,4,0
15.479,3.5538,0.79257,3.4266,0.87706,1.9787,1.7713,2.6496,1,4,0
12.531,1.2944,1.324,4.9554,2.5836,2.3739,1.6736,2.7151,1,4,0
15.183,1.5306,0.91448,4.5596,1.4443,4.0186,2.1053,3.1311,1,4,0
18.255,3.4945,1.1265,6.7124,0.92243,2.5202,2.9872,3.3287,1,4,0
12.888,2.4369,1.1658,5.8983,2.5464,2.4247,2.1596,3.4303,1,4,0
15.468,3.2737,1.0735,6.9275,2.2717,3.1645,2.3522,2.2842,1,4,0
13.729,1.5239,1.3415,4.3183,1.4145,2.3231,2.6463,2.7333,1,4,0
25.242,1.9909,1.4592,5.1981,1.6162,8.3108,2.951,5.8238,1,4,0
15.159,2.9315,0.82034,3.104,0.80715,3.3928,2.4362,3.3038,1,4,0
17.797,1.6618,1.6049,4.5253,2.0757,4.0765,2.0207,4.4357,1,4,0
12.52,2.8769,1.7999,3.376,0.91794,3.0194,2.1311,2.2992,1,4,0
12.749,0.71641,1.2682,5.2217,2.4075,2.1078,2.1962,3.385,1,4,0
15.759,2.7463,1.3252,4.7812,1.6787,2.7696,2.7664,3.0662,1,4,0
19.814,2.8762,1.2231,4.4383,1.4845,4.9114,1.982,3.989,1,4,0
18.998,3.3031,2.1125,9.61,1.266,3.6904,3.0194,3.749,1,4,0
18.901,1.9358,1.118,8.0962,1.7524,4.2251,3.1776,3.448,1,4,0
25.196,3.1876,2.108,5.4764,2.2314,7.0184,4.184,4.8517,1,4,0
15.411,3.3724,0.89601,3.4848,0.90564,3.3618,1.786,3.0903,1,4,0
28.789,1.4567,1.1494,3.8307,1.2999,10.54,1.8614,6.0769,1,4,0
15.79,1.2127,1.3236,3.598,1.116,2.3882,2.9112,2.7831,1,4,0
16.35,6.1321,0.97549,5.2063,1.4931,2.4268,2.7449,2.5667,1,4,0
15.442,1.4677,1.5312,5.5543,2.1118,4.2515,3.4881,1.8522,1,4,0
18.402,5.4701,1.3929,3.3624,1.5368,3.2419,2.1579,2.5145,1,4,0
16.529,2.4278,3.0039,5.4427,1.5099,4.2375,3.4607,2.1524,1,4,0
15.871,3.3899,0.98439,6.2562,2.1768,2.6723,2.7139,2.7608,1,4,0
16.385,2.6444,1.5754,3.4711,0.75137,2.7288,2.6204,3.5994,1,4,0
18.028,4.0222,0.75611,6.682,1.3652,3.631,2.7794,3.5486,1,4,0
21.974,8.2939,1.04,8.9386,1.5476,4.9276,4.7824,5.1192,1,4,0
12.445,5.6298,1.2131,3.7604,0.81495,2.8367,1.5547,1.9606,1,4,0
18.22,5.0114,1.3763,5.2659,0.85595,4.4676,2.2763,2.4446,1,4,0
12.732,1.1359,1.1731,3.7745,0.97257,2.1666,1.8983,2.9398,1,4,0
15.637,2.2303,2.6361,5.1185,0.89737,2.8527,2.2991,5.3213,1,4,0
16.243,2.4317,0.97155,4.3253,0.88433,3.6256,1.834,3.6325,1,4,0
14.419,1.6597,1.8751,3.7513,2.1254,2.8896,1.4115,2.2186,1,4,0
14.174,1.9277,1.2557,3.3237,0.672,2.4184,2.7551,2.0967,1,4,0
13.742,1.336,0.92252,4.0286,0.67406,2.5362,1.4199,2.6622,1,4,0
16.085,1.654,1.2449,4.9224,1.6771,3.9442,2.7152,3.1016,1,4,0
30.596,3.8396,1.0379,11.024,1.2928,6.4392,9.325,9.4054,1,4,0
21.877,1.8898,2.3729,3.572,1.35,3.3138,1.694,4.3806,1,4,0
16.853,1.7374,1.1621,5.5975,1.9655,3.6106,1.6957,3.7339,1,4,0
18.538,1.0432,1.3046,8.4735,1.0324,4.5656,2.6943,4.3017,1,4,0
16.839,2.0345,1.7624,5.7043,1.4309,4.6575,2.4281,3.4962,1,4,0
18.436,5.2675,0.80548,5.721,1.7018,3.7626,2.7477,3.0758,1,4,1
16.395,2.0741,1.0089,4.4724,1.6067,3.2329,1.8553,4.6803,1,4,1
17.426,1.3733,0.98754,4.3592,1.471,5.5366,3.0785,4.154,1,4,1
15.366,1.6256,0.97437,3.4397,0.79723,2.6353,2.6417,4.7612,1,4,1
14.053,2.9026,1.4457,3.1733,0.65623,2.2947,2.3637,2.4242,1,4,1
2.507,3.0037,4.0466,1.0063,1.6768,4.1958,4.7402,1.6214,1,5,0
2.8374,3.6217,4.4556,1.314,1.3257,2.7894,3.2131,2.6046,1,5,0
2.1677,5.213,2.1432,0.69748,1.4207,1.538,2.3387,2.1708,1,5,0
1.9601,4.8384,2.7683,0.91133,1.1134,2.7525,2.8329,2.3211,1,5,0
1.9831,2.8128,2.9664,1.0189,1.3536,3.04,2.7509,1.3685,1,5,0
1.8381,2.8617,4.6981,0.92279,0.5179,2.963,3.5453,1.6914,1,5,0
2.7991,5.5797,1.8563,1.9715,0.73135,3.4804,3.2178,3.0486,1,5,0
1.4842,3.24,3.5824,0.48455,1.2401,3.8277,3.7282,1.6771,1,5,0
1.6266,5.4484,1.1539,1.2283,1.7156,2.6699,2.8912,2.2642,1,5,0
1.9932,5.7001,1.8585,2.1329,1.9916,3.3477,2.8718,1.8445,1,5,0
1.623,5.2728,7.8856,2.2558,1.8343,2.0367,1.7819,1.8025,1,5,0
3.3556,5.2984,5.1758,0.84448,1.604,3.6186,3.0399,2.7268,1,5,0
2.3537,3.5434,5.0243,0.73198,0.85448,2.3815,3.053,2.0042,1,5,0
2.3008,4.3948,4.3845,1.0591,1.9219,3.2197,1.995,1.6996,1,5,0
3.2369,3.5693,3.0913,1.6172,1.704,2.8856,2.4916,2.7481,1,5,0
1.5596,3.3341,3.4496,0.75443,0.81618,1.922,2.5976,1.8003,1,5,0
2.0855,4.5722,1.4942,0.86938,1.5389,4.1393,3.1253,2.0394,1,5,0
1.8824,4.2738,1.9798,1.0272,1.4851,3.1954,4.8758,1.755,1,5,0
1.3456,5.7203,2.2286,1.1065,2.7112,2.4302,3.4918,2.0635,1,5,0
2.1678,7.0447,3.1606,1.0138,2.2682,3.0962,2.3219,2.3569,1,5,0
2.4633,5.1448,1.9724,1.4039,1.5938,8.375,5.9111,2.8859,1,5,0
1.5873,2.9281,2.7263,0.81203,0.75305,3.3566,3.3064,2.3617,1,5,0
2.433,3.1892,2.8633,1.622,0.95261,3.0788,2.3315,2.1325,1,5,0
1.1275,4.9399,0.68319,1.2122,2.4027,2.0901,3.432,2.0435,1,5,0
2.0878,4.5237,2.3381,1.2427,1.6223,2.7378,3.1464,2.7704,1,5,0
1.9538,4.2764,2.856,1.1856,1.4797,5.0367,3.9902,2.0249,1,5,0
1.9755,9.2278,3.181,2.1602,1.2379,3.5739,3.7022,2.9099,1,5,0
4.0738,5.1102,3.3304,1.9298,2.1584,7.0087,4.7606,3.9684,1,5,0
1.7771,3.3307,3.4475,0.93435,0.83985,3.41,3.1391,1.8074,1,5,0
3.7725,3.6649,1.4086,1.1141,1.2026,10.655,6.0355,1.9393,1,5,0
1.6854,5.2297,5.9646,1.0354,1.4592,2.3803,2.5905,2.6886,1,5,0
2.118,4.1859,1.3369,0.90478,1.4574,5.4894,4.1365,2.9084,1,5,0
2.5215,5.5932,1.4146,1.5106,2.2694,4.2588,1.827,3.5677,1,5,0
2.3242,3.4645,5.1734,1.386,1.4876,3.2026,2.5088,2.1408,1,5,0
2.9354,5.3953,2.4334,2.9037,1.4693,4.3123,2.1749,3.3675,1,5,0
2.4848,6.0718,3.1215,0.98596,2.0588,2.6913,2.7531,2.5495,1,5,0
2.1942,3.4429,2.6858,1.528,0.71985,2.8005,3.7716,2.6981,1,5,0
1.8359,3.1895,1.6022,0.87914,0.773,2.5731,4.79,2.4882,1,5,0
2.2094,6.1511,4.0162,0.75894,1.193,3.6858,3.5506,2.6586,1,5,0
4.5213,8.7259,7.9454,0.96095,1.5671,4.8901,5.0061,4.7324,1,5,0
1.7089,3.403,5.2448,1.0586,0.72846,2.7234,1.9002,1.4904,1,5,0
1.7078,5.0338,4.6356,1.2615,0.78641,4.4123,2.422,2.1867,1,5,0
2.4739,3.6826,1.186,1.0799,0.89394,2.1328,2.8977,1.93,1,5,0
2.0084,4.6371,2.1163,2.4644,0.82274,2.8053,5.2926,2.1236,1,5,0
1.7642,4.2203,2.4215,0.89047,0.89273,3.5839,3.7224,1.7407,1,5,0
1.5487,3.6337,1.531,1.7492,2.0634,2.8808,2.2376,1.4009,1,5,0
1.8841,3.1298,1.8316,1.1292,0.6894,2.39,2.0694,2.7432,1,5,0
1.5694,3.9291,1.303,0.82143,0.67104,2.5728,2.5715,1.3621,1,5,0
2.5241,4.7276,1.5504,1.1977,1.5801,3.9994,3.1826,2.6529,1,5,0
14.314,10.581,3.5796,0.94767,1.2106,6.6659,9.3765,9.1939,1,5,0
1.4718,5.5349,1.6333,1.222,1.8076,3.6105,3.7271,1.6356,1,5,0
2.727,8.4788,1.1239,1.2469,1.0001,4.8451,4.4437,2.69,1,5,0
2.9496,2.9745,2.8793,1.4145,0.69825,2.374,2.4505,2.305,1,5,0
2.0864,5.7851,1.9264,1.5646,1.1922,4.7194,3.5938,2.44,1,5,0
2.2561,2.6592,3.6256,0.84737,0.54006,3.2908,3.4605,2.0191,1,5,1
1.6817,4.0093,3.3436,0.77779,1.0789,1.6008,1.8374,1.9609,1,5,1
1.636,4.7499,1.2579,1.2121,2.5961,2.3583,2.7187,1.6562,1,5,1
2.4,6.7589,3.3622,1.1593,0.9967,2.5312,3.3015,2.9992,1,5,1
1.8024,4.1447,1.4661,1.3529,1.3435,2.3046,2.7536,2.6485,1,5,1
2.0686,4.554,1.6459,1.5026,2.0848,4.0383,4.3682,1.8979,1,5,1
1.8034,7.7279,1.9137,1.0355,1.7945,4.2514,3.5078,3.2758,1,5,1
2.7727,3.4773,1.1446,1.1258,1.0822,2.3751,2.6888,2.8735,1,5,1
2.3676,3.4647,1.8192,2.2226,1.2363,3.1396,4.3921,1.6417,1,5,1
20.127,4.1416,1.1639,3.0158,1.633,4.2347,1.6067,4.7662,1,6,0
14.694,2.8301,0.96987,5.02,1.1377,2.7821,2.347,2.8594,1,6,0
15.893,3.6754,0.89297,2.6898,0.56082,3.3432,2.049,3.5038,1,6,0
14.085,3.0101,1.0966,2.8828,1.3214,3.0903,1.4074,2.7803,1,6,0
10.783,3.3762,0.83886,4.2461,1.1491,1.6185,2.0699,1.8531,1,6,0
16.902,4.7883,0.99883,2.9075,0.5064,2.9996,1.7149,3.5888,1,6,0
18.984,3.6395,0.46957,3.3469,1.2498,3.8684,1.6777,3.7779,1,6,0
13.863,1.1809,1.3242,5.6419,1.6791,2.6865,2.3439,2.9119,1,6,0
17.673,1.9252,2.1584,5.8723,2.1036,3.3655,1.8539,2.8912,1,6,0
14.568,8.0645,2.1372,5.4427,1.8927,2.06,1.7902,1.7863,1,6,0
18.467,5.2382,0.79496,5.6159,1.6768,3.6595,2.7383,3.0536,1,6,0
17.432,5.0672,0.77755,3.6704,0.94358,2.4055,2.0629,3.0819,1,6,0
14.484,4.4717,1.0515,4.4568,2.058,3.2601,1.7415,2.0133,1,6,0
15.821,3.128,1.6318,3.7644,1.7564,2.9172,2.777,2.528,1,6,0
15.263,3.5145,0.78765,3.4001,0.86308,1.95,1.7784,2.6186,1,6,0
12.362,1.2721,1.3007,4.9091,2.5939,2.3782,1.6704,2.7456,1,6,0
18.414,3.4248,1.1162,6.7304,0.93668,2.5616,2.9957,3.3365,1,6,0
16.565,2.0041,1.0138,4.4449,1.5792,3.2309,1.8321,4.9105,1,6,0
12.943,2.2801,1.1502,5.8628,2.5973,2.4558,2.1328,3.524,1,6,0
15.662,3.2078,1.0573,6.9605,2.2754,3.1421,2.3575,2.3337,1,6,0
13.832,1.4811,1.3432,4.2711,1.398,2.3392,2.6468,2.781,1,6,0
25.869,1.9905,1.4514,5.1717,1.5974,8.4991,2.9197,5.9594,1,6,0
17.855,1.6694,1.5853,4.5296,2.0676,4.0837,1.9984,4.4382,1,6,0
12.869,0.69068,1.2548,5.1702,2.4116,2.1128,2.163,3.4659,1,6,0
15.89,2.3909,1.312,4.7072,1.6679,2.7663,2.7649,3.174,1,6,0
20.171,2.913,1.2143,4.4066,1.4874,5.0984,1.9926,4.0352,1,6,0
18.716,3.2202,2.1157,9.511,1.2637,3.6306,2.99,3.7337,1,6,0
19.386,1.9384,1.0898,8.0012,1.7573,4.2952,3.1884,3.5276,1,6,0
25.462,3.3618,2.0626,5.3725,2.1881,7.1066,4.1343,4.8247,1,6,0
15.797,3.4758,0.90479,3.4459,0.89278,3.4345,1.7981,3.1689,1,6,0
29.427,1.4302,1.1386,3.7878,1.2761,10.788,1.87,6.1147,1,6,0
15.719,1.1691,1.2822,3.5613,1.1064,2.3962,2.901,2.7116,1,6,0
16.239,6.072,0.97857,5.2122,1.5077,2.4,2.7347,2.6083,1,6,0
17.585,1.3512,0.96206,4.3195,1.4689,5.5407,3.0357,4.186,1,6,0
15.548,1.4187,1.5326,5.5569,2.15,4.2982,3.5126,1.8499,1,6,0
16.982,2.455,2.9523,5.432,1.4945,4.3382,3.439,2.1937,1,6,0
15.831,3.1951,0.98176,6.2069,2.1273,2.7113,2.6671,2.7833,1,6,0
16.742,2.7225,1.5607,3.4626,0.74159,2.8231,2.6306,3.7735,1,6,0
15.415,1.6202,0.94808,3.3737,0.78598,2.6073,2.6086,4.8255,1,6,0
18.199,4.0912,0.76076,6.5369,1.3054,3.7333,2.7481,3.5828,1,6,0
12.184,5.3503,1.1719,3.6663,0.79111,2.7541,1.5341,1.9262,1,6,0
17.878,4.7771,1.3419,5.1931,0.83257,4.4742,2.2491,2.4492,1,6,0
12.632,1.1878,1.1486,3.7511,0.95406,2.16,1.9084,2.9206,1,6,0
16.387,2.4339,0.95519,4.3174,0.89835,3.6359,1.8144,3.7525,1,6,0
14.404,1.5446,1.8473,3.7222,2.1166,2.9009,1.41,2.2482,1,6,0
14.1,1.8555,1.2266,3.2803,0.67742,2.406,2.751,2.0787,1,6,0
13.782,1.3277,0.90083,4.0081,0.67393,2.5933,1.4068,2.6026,1,6,0
16.362,1.5648,1.2325,4.8833,1.648,4.0395,2.7031,3.2037,1,6,0
31.158,3.6557,1.0138,10.914,1.2698,6.7254,9.294,9.4905,1,6,0
21.769,1.8321,2.3327,3.5454,1.3341,3.1946,1.6777,4.4439,1,6,0
16.841,1.664,1.1706,5.5831,1.932,3.6473,1.6824,3.7464,1,6,0
19.385,1.139,1.2927,8.4574,1.0143,4.8853,2.6891,4.4707,1,6,0
14.387,2.9324,1.4397,3.1222,0.66412,2.3938,2.3462,2.4738,1,6,0
17.047,1.9647,1.7091,5.7292,1.3613,4.7697,2.4359,3.6258,1,6,0
18.319,4.5209,1.4649,3.538,1.3408,2.8299,2.6535,3.2339,1,6,1
12.783,2.1803,0.74723,5.3848,1.4595,1.5574,2.1727,2.3388,1,6,1
16.257,1.9083,2.1174,5.6931,0.72557,3.5087,3.1381,3.2356,1,6,1
15.396,1.5046,0.90289,4.5627,1.4693,4.1796,2.0848,3.1641,1,6,1
15.091,2.7705,0.81863,3.0645,0.78999,3.3837,2.4288,3.3322,1,6,1
12.6,2.8807,1.7552,3.3236,0.92221,3.0953,2.1335,2.3501,1,6,1
18.56,5.2625,1.3997,3.3918,1.5344,3.2293,2.1532,2.5265,1,6,1
21.973,8.0895,1.0219,8.8922,1.5507,4.9667,4.7728,5.0909,1,6,1
15.716,2.138,2.5989,5.0074,0.87459,2.8383,2.2571,5.3503,1,6,1
20.102,8.0077,4.1328,1.1266,4.2165,3.0091,1.6088,4.7548,1,7,0
18.237,10.451,4.4736,1.4295,2.8243,3.5518,2.638,3.219,1,7,0
12.768,8.704,2.1705,0.73396,1.5583,5.3315,2.1645,2.3317,1,7,0
14.683,6.0311,2.8397,0.95529,2.7637,4.9789,2.3348,2.8604,1,7,0
15.872,6.3967,3.6628,0.8817,3.334,2.6757,2.0376,3.4936,1,7,0
14.081,7.4938,3.0032,1.0752,3.0951,2.8596,1.3948,2.7747,1,7,0
10.798,4.7758,3.3665,0.81965,1.6161,4.1882,2.0406,1.8521,1,7,0
16.849,7.3789,4.7793,0.9787,2.9797,2.8869,1.7085,3.5578,1,7,0
16.255,7.6191,1.9322,2.0814,3.5079,5.6678,3.1148,3.2189,1,7,0
18.961,6.6788,3.6386,0.46892,3.8479,3.3187,1.675,3.7747,1,7,0
13.797,9.613,1.1833,1.3012,2.6612,5.5905,2.3214,2.8868,1,7,0
17.65,11.592,1.9526,2.1412,3.3616,5.8298,1.8508,2.882,1,7,0
14.567,12.217,8.0668,2.1634,2.0637,5.3924,1.7878,1.7834,1,7,0
18.443,9.857,5.2405,0.80889,3.6764,5.5386,2.7322,3.0553,1,7,0
17.356,8.8949,5.0208,0.76623,2.39,3.6414,2.0459,3.0651,1,7,0
14.432,9.6345,4.4797,1.0521,3.2422,4.4382,1.7294,1.9963,1,7,0
15.804,9.1114,3.1232,1.6262,2.93,3.7157,2.7636,2.5304,1,7,0
15.29,5.8345,3.5201,0.77536,1.9533,3.3788,1.7785,2.6222,1,7,0
12.381,9.457,1.2749,1.2771,2.3742,4.8645,1.6629,2.7373,1,7,0
15.337,8.7711,1.5076,0.89287,4.1445,4.5549,2.0725,3.1549,1,7,0
18.365,7.6265,3.4353,1.1288,2.551,6.7235,2.9886,3.3324,1,7,0
16.514,5.8549,2.0154,1.0131,3.2281,4.3902,1.8098,4.8615,1,7,0
12.916,8.3401,2.309,1.1375,2.4471,5.8171,2.1154,3.5027,1,7,0
15.607,8.7961,3.2184,1.0463,3.1441,6.964,2.3499,2.322,1,7,0
13.797,6.0231,1.4874,1.3434,2.3341,4.2357,2.6432,2.7693,1,7,0
25.725,7.9358,1.9878,1.4354,8.4574,5.1619,2.9137,5.9289,1,7,0
15.089,5.841,2.7998,0.81439,3.3826,3.0255,2.4057,3.3241,1,7,0
17.826,6.635,1.666,1.5622,4.0789,4.5267,1.968,4.4349,1,7,0
12.568,8.3477,2.8773,1.724,3.0771,3.29,2.1268,2.3376,1,7,0
12.831,9.2247,0.69428,1.242,2.1098,5.1043,2.1308,3.4468,1,7,0
15.844,9.3253,2.4559,1.2919,2.7631,4.6616,2.7593,3.1495,1,7,0
20.083,5.9575,2.9039,1.2046,5.0576,4.367,1.9949,4.0233,1,7,0
18.752,9.0402,3.2339,2.1237,3.6389,9.4388,2.9677,3.734,1,7,0
19.264,8.021,1.9357,1.0784,4.2767,7.9289,3.2025,3.5069,1,7,0
25.386,10.245,3.325,2.0295,7.0837,5.311,4.0887,4.8264,1,7,0
15.704,6.0451,3.4514,0.90877,3.4162,3.4132,1.7918,3.151,1,7,0
29.279,6.2913,1.4336,1.1294,10.732,3.754,1.8842,6.1033,1,7,0
15.718,5.5442,1.1763,1.2411,2.3921,3.5396,2.8913,2.7228,1,7,0
16.241,9.1614,6.0809,0.98884,2.4023,5.2051,2.7166,2.5974,1,7,0
17.536,5.5729,1.3535,0.94618,5.5349,4.2819,3.0033,4.1767,1,7,0
18.508,8.8859,5.2994,1.3887,3.2282,3.3954,2.1434,2.5215,1,7,0
16.873,9.5298,2.4474,2.9511,4.3149,5.4132,3.4166,2.183,1,7,0
16.652,9.1044,2.7051,1.552,2.8011,3.4504,2.6425,3.7354,1,7,0
15.388,5.5248,1.6192,0.93074,2.6099,3.3264,2.575,4.8091,1,7,0
21.951,11.708,8.1245,1.0037,4.9547,8.841,4.7547,5.0922,1,7,0
12.221,8.3495,5.4,1.1441,2.7678,3.6041,1.5228,1.9311,1,7,0
12.637,4.6552,1.176,1.1325,2.1588,3.7297,1.9079,2.9217,1,7,0
15.683,8.1716,2.1535,2.563,2.838,4.9136,2.2228,5.3409,1,7,0
14.392,9.3861,1.5642,1.8224,2.8958,3.6956,1.4044,2.24,1,7,0
13.76,5.6891,1.3279,0.87853,2.5796,3.9801,1.3933,2.6121,1,7,0
16.29,8.6204,1.5792,1.2205,4.0175,4.8376,2.6852,3.1803,1,7,0
31.023,9.0058,3.688,0.99723,6.6641,10.831,9.2623,9.468,1,7,0
21.769,10.771,1.8406,2.3048,3.2148,3.5187,1.6675,4.4282,1,7,0
16.823,10.007,1.676,1.1807,3.6369,5.5609,1.6652,3.7409,1,7,0
19.197,8.5963,1.1167,1.2776,4.8176,8.4584,2.6856,4.4333,1,7,0
14.303,5.8231,2.9247,1.4283,2.3713,3.0816,2.3329,2.4613,1,7,0
16.987,5.7551,1.9763,1.6754,4.7435,5.7297,2.4283,3.597,1,7,0
15.51,11.433,1.426,1.5226,4.2849,5.559,3.5164,1.8482,1,7,1
15.82,10.198,3.2306,0.98071,2.7009,6.1662,2.6395,2.7761,1,7,1
18.145,8.3615,4.0752,0.75557,3.7093,6.4479,2.7238,3.5727,1,7,1
17.928,8.865,4.8197,1.3227,4.4694,5.1576,2.2344,2.4458,1,7,1
16.342,6.2047,2.431,0.93696,3.6312,4.2787,1.7935,3.7256,1,7,1
14.098,7.1669,1.8676,1.2007,2.4055,3.2364,2.7442,2.0798,1,7,1
1.1546,2.5034,3.0208,4.258,4.3312,1.6475,1.6068,4.8181,1,8,0
1.4577,2.8493,3.5449,4.7492,2.8887,1.3412,2.6628,3.3013,1,8,0
0.74529,2.202,5.4139,2.2522,1.573,1.4782,2.1934,2.3582,1,8,0
0.96494,1.9287,5.0056,2.8506,2.8763,1.1287,2.3633,2.8788,1,8,0
0.88993,2.2103,2.6984,3.7618,3.4221,0.55682,2.0594,3.5756,1,8,0
1.0995,1.9754,2.895,3.0717,3.1177,1.3324,1.4142,2.8227,1,8,0
0.84953,1.6985,4.2466,3.4328,1.6429,1.1433,2.0782,1.8687,1,8,0
0.99935,1.8401,2.9248,4.9007,3.1037,0.51096,1.7145,3.7367,1,8,0
2.1176,2.8533,5.6854,1.8713,3.532,0.72695,3.1414,3.3085,1,8,0
0.47298,1.4848,3.347,3.6925,3.9731,1.2496,1.6825,3.8297,1,8,0
1.3214,1.6113,5.655,1.2044,2.7919,1.6932,2.3532,3.0197,1,8,0
2.1889,2.1073,5.8697,1.8898,3.3877,2.1006,1.8546,2.9352,1,8,0
2.137,1.6655,5.4662,8.2092,2.0654,1.8834,1.8054,1.7964,1,8,0
0.78204,3.4428,5.615,5.2746,3.6283,1.6772,2.7466,3.0508,1,8,0
0.77511,2.3668,3.6553,5.2667,2.4833,0.92503,2.0677,3.1665,1,8,0
1.0484,2.3076,4.464,4.518,3.3597,2.062,1.7449,2.0903,1,8,0
1.638,3.2574,3.7654,3.1739,2.8953,1.7581,2.7954,2.5491,1,8,0
1.3058,1.6213,4.926,1.2741,2.4099,2.6158,1.6808,2.7959,1,8,0
0.90559,2.0579,4.5891,1.5012,4.3387,1.4855,2.0871,3.2294,1,8,0
1.1051,2.381,6.7746,3.4424,2.6266,0.94325,3.019,3.377,1,8,0
1.023,1.9134,4.4816,1.983,3.2694,1.5823,1.8389,5.1115,1,8,0
1.153,1.3414,5.8924,2.2201,2.5088,2.6359,2.1339,3.6245,1,8,0
1.3495,1.8289,4.2792,1.4709,2.3878,1.4021,2.6599,2.8443,1,8,0
1.4629,2.3889,5.1797,2.0154,8.7503,1.5888,2.9121,6.0995,1,8,0
0.82431,1.6309,3.0762,2.6989,3.4046,0.78754,2.4496,3.3765,1,8,0
1.5934,2.1309,4.553,1.7033,4.1353,2.0643,2.0127,4.5077,1,8,0
1.7511,2.5705,3.3225,2.9017,3.1712,0.92507,2.1494,2.4102,1,8,0
1.2594,1.1651,5.1993,0.68588,2.1417,2.4288,2.1703,3.5623,1,8,0
1.3215,2.1078,4.7044,2.2076,2.8038,1.6768,2.7797,3.2858,1,8,0
1.2199,1.9217,4.4291,2.9965,5.2976,1.4992,2.0074,4.1124,1,8,0
2.1214,1.9851,9.5252,3.199,3.6493,1.2742,2.9965,3.7514,1,8,0
1.0822,1.8161,8.0138,1.9698,4.3987,1.762,3.2008,3.6197,1,8,0
2.0614,3.9864,5.3608,3.5202,7.2721,2.1645,4.147,4.8685,1,8,0
0.91251,1.7268,3.4545,3.5883,3.5203,0.89836,1.8197,3.2563,1,8,0
1.1428,3.6476,3.7957,1.437,11.093,1.2761,1.8744,6.2162,1,8,0
1.2868,2.8251,3.5638,1.1663,2.4277,1.1079,2.9117,2.6876,1,8,0
0.98006,1.7746,5.243,6.1254,2.4064,1.5421,2.7519,2.6604,1,8,0
0.95981,2.1115,4.3339,1.3562,5.5982,1.4763,3.0389,4.2576,1,8,0
1.5469,2.4646,5.5786,1.3948,4.377,2.1725,3.542,1.8766,1,8,0
1.4191,2.394,3.4264,5.2,3.253,1.5519,2.1667,2.5563,1,8,0
2.9254,3.0643,5.4591,2.4982,4.4359,1.4928,3.4523,2.249,1,8,0
0.98533,2.611,6.225,3.132,2.7633,2.1058,2.6626,2.8343,1,8,0
1.5625,2.25,3.4798,2.8163,2.923,0.74223,2.6406,3.9053,1,8,0
0.94543,1.8797,3.3732,1.64,2.6273,0.78397,2.6188,4.9059,1,8,0
0.7718,2.2237,6.5185,4.2138,3.8635,1.2808,2.7533,3.6434,1,8,0
1.0267,4.5591,8.928,8.0791,5.078,1.5586,4.7975,5.1612,1,8,0
1.1666,1.7634,3.6562,5.2616,2.7264,0.7867,1.5336,1.9304,1,8,0
1.3363,1.7562,5.1851,4.7529,4.5418,0.82587,2.2482,2.4844,1,8,0
2.6074,2.021,5.0122,2.098,2.8672,0.86993,2.2597,5.4249,1,8,0
0.96042,1.7712,4.3576,2.45,3.6956,0.919,1.8223,3.8724,1,8,0
1.8514,1.599,3.7351,1.4866,2.9324,2.1299,1.4191,2.2835,1,8,0
1.229,1.9159,3.2941,1.8315,2.4191,0.68621,2.764,2.0794,1,8,0
0.90527,1.5931,4.0298,1.3504,2.6582,0.67847,1.4125,2.5915,1,8,0
1.2376,2.5565,4.9062,1.5277,4.1498,1.643,2.7179,3.3038,1,8,0
1.0126,14.73,10.931,3.606,6.9955,1.2673,9.327,9.6584,1,8,0
2.3327,2.3481,3.5608,1.8122,3.1692,1.3491,1.6801,4.5403,1,8,0
1.1752,1.577,5.6111,1.6504,3.7126,1.9371,1.693,3.7731,1,8,0
1.3007,2.6018,8.4756,1.2437,5.1662,1.0083,2.6984,4.6251,1,8,0
1.4501,2.982,3.1274,3.0061,2.4948,0.67115,2.3523,2.5394,1,8,0
1.701,2.0597,5.7698,1.9567,4.9051,1.3413,2.4577,3.7565,1,8,0
0.79681,1.5729,3.4105,3.549,1.9627,0.86572,1.7916,2.6194,1,8,1
1.0577,2.2223,7.01,3.2064,3.1721,2.2907,2.3769,2.3818,1,8,1
1.1466,2.4792,3.7643,1.2312,2.1893,0.95491,1.9243,2.9313,1,8,1
2.5595,20.083,1.1574,1.7014,3.1405,4.2224,1.6898,4.7897,1,9,0
2.9446,18.201,1.4743,1.3973,3.7284,2.8103,2.7358,3.2356,1,9,0
2.2504,12.821,0.75943,1.47,5.4901,1.556,2.2287,2.3657,1,9,0
2.3203,15.825,0.91799,0.58626,2.7785,3.311,2.109,3.4851,1,9,0
1.7356,10.8,0.82453,1.1825,4.3304,1.6161,2.0965,1.8595,1,9,0
1.9209,16.801,1.0069,0.52531,2.9803,2.9686,1.7858,3.5426,1,9,0
2.871,16.214,2.1444,0.75901,5.9266,3.5237,3.2362,3.2389,1,9,0
1.5367,18.918,0.4867,1.3048,3.4511,3.8449,1.7467,3.7647,1,9,0
2.0763,17.63,2.1808,2.1551,6.0729,3.3884,1.9368,2.8975,1,9,0
1.6851,14.54,2.296,1.9755,5.5656,2.0652,1.8483,1.8046,1,9,0
3.466,18.46,0.88408,1.7208,5.7301,3.6842,2.8451,3.0853,1,9,0
2.4367,17.34,0.79656,0.9803,3.8127,2.3887,2.1209,3.0675,1,9,0
2.3973,14.387,1.1092,2.0804,4.6231,3.2307,1.7957,1.9963,1,9,0
3.2962,15.799,1.6896,1.8123,3.8448,2.9375,2.856,2.5211,1,9,0
1.6131,15.26,0.78674,0.87423,3.5051,1.9465,1.8447,2.636,1,9,0
1.6428,12.36,1.3076,2.6715,5.0267,2.3824,1.7201,2.7405,1,9,0
2.1456,15.322,0.92167,1.5388,4.7261,4.1414,2.1565,3.148,1,9,0
2.4597,18.34,1.2152,0.99763,6.9722,2.5453,3.0898,3.3352,1,9,0
1.9455,16.555,1.0473,1.6011,4.4907,3.2287,1.8651,4.8722,1,9,0
2.2825,15.645,1.085,2.3496,7.2264,3.1309,2.4263,2.3381,1,9,0
1.8952,13.778,1.3984,1.4288,4.392,2.321,2.7468,2.7708,1,9,0
2.5868,25.64,1.4713,1.6908,5.3901,8.4042,3.0606,5.9446,1,9,0
1.6201,15.131,0.84113,0.81444,3.115,3.3981,2.4671,3.3383,1,9,0
2.164,17.796,1.6019,2.1855,4.7059,4.0785,2.012,4.4071,1,9,0
2.5823,12.583,1.7823,0.97469,3.4164,3.0958,2.1979,2.3442,1,9,0
1.182,12.864,1.2817,2.4855,5.2394,2.1103,2.1905,3.4477,1,9,0
2.1449,15.834,1.3197,1.7059,4.8444,2.7656,2.8645,3.1522,1,9,0
2.0453,20.066,1.2448,1.5298,4.5041,5.037,2.0722,4.0204,1,9,0
1.8638,19.272,1.1317,1.8508,8.2178,4.2763,3.3532,3.5263,1,9,0
4.168,25.316,2.0969,2.3323,5.5254,7.0518,4.2206,4.815,1,9,0
2.8698,15.716,1.254,1.145,3.6858,2.3991,3.0049,2.7387,1,9,0
1.7687,16.247,1.045,1.4818,5.4015,2.4134,2.8026,2.6096,1,9,0
2.1202,17.548,0.97967,1.5184,4.4279,5.5492,3.1107,4.1709,1,9,0
2.5181,15.492,1.5643,2.2612,5.7945,4.2933,3.6451,1.8453,1,9,0
2.4035,18.558,1.4152,1.5454,3.5121,3.2415,2.2173,2.5351,1,9,0
2.6352,15.781,1.0212,2.243,6.3938,2.7117,2.7461,2.7758,1,9,0
2.303,16.669,1.6156,0.76622,3.5787,2.8053,2.7671,3.778,1,9,0
1.9178,15.398,0.96258,0.81948,3.4406,2.6044,2.6498,4.8297,1,9,0
2.3248,18.085,0.77045,1.3658,6.6969,3.6927,2.8232,3.5808,1,9,0
4.7317,21.829,1.0265,1.6157,9.1587,4.9223,4.9273,5.0556,1,9,0
1.7588,12.191,1.1794,0.80694,3.7306,2.7741,1.5858,1.9273,1,9,0
1.815,17.817,1.3753,0.86319,5.3824,4.4522,2.3293,2.4456,1,9,0
2.5436,12.629,1.1737,0.96815,3.8672,2.1547,1.975,2.9371,1,9,0
2.0615,15.724,2.6374,0.90012,5.0482,2.8369,2.2919,5.3425,1,9,0
1.84,16.372,0.95605,0.89298,4.3853,3.6147,1.8477,3.7333,1,9,0
1.5923,14.406,1.8784,2.1634,3.828,2.9115,1.4535,2.2577,1,9,0
1.9179,14.114,1.2287,0.69409,3.3281,2.4211,2.8496,2.1004,1,9,0
1.6202,13.77,0.8919,0.69614,4.1115,2.5868,1.4384,2.6139,1,9,0
2.4125,21.735,2.3869,1.3154,3.6399,3.1968,1.7345,4.4211,1,9,0
1.5913,16.833,1.2406,1.9521,5.7632,3.6389,1.7122,3.7714,1,9,0
2.7578,19.18,1.3119,1.0659,8.8376,4.8134,2.7977,4.4523,1,9,0
3.0671,14.314,1.4701,0.69372,3.1825,2.3727,2.4232,2.4632,1,9,0
2.1369,16.981,1.734,1.3844,5.9432,4.739,2.5044,3.5991,1,9,0
2.0026,14.646,0.99474,1.1987,5.1996,2.7593,2.4096,2.8692,1,9,1
2.049,14.065,1.1017,1.3768,2.9565,3.0758,1.4395,2.7761,1,9,1
1.6535,13.811,1.3448,1.7469,5.7878,2.6707,2.3965,2.8943,1,9,1
1.3765,12.909,1.1755,2.6916,6.0044,2.4469,2.1982,3.5059,1,9,1
2.0472,18.683,2.2256,1.2886,9.7964,3.6206,3.0786,3.7496,1,9,1
1.7591,15.751,0.94533,0.89516,3.5337,3.4293,1.8396,3.153,1,9,1
3.854,29.239,1.1684,1.3012,3.8907,10.698,1.986,6.0864,1,9,1
3.081,16.912,3.133,1.5584,5.6136,4.3387,3.5386,2.1874,1,9,1
2.6261,16.315,1.2604,1.7056,4.99,4.0174,2.7744,3.1929,1,9,1
15.087,30.876,1.0313,1.3072,11.24,6.6653,9.6232,9.4524,1,9,1
8.2117,4.0505,20.137,1.1997,1.6228,4.2108,1.6356,4.8001,1,10,0
10.669,4.3567,18.132,1.5013,1.361,2.8122,2.6688,3.2274,1,10,0
8.768,2.1386,12.88,0.76381,1.4305,1.5666,2.1513,2.3722,1,10,0
6.2586,2.827,14.7,0.99764,1.1814,2.7373,2.3395,2.8908,1,10,0
6.5934,3.636,15.862,0.91436,0.58091,3.3054,2.0529,3.4814,1,10,0
7.5902,2.9866,14.131,1.1035,1.3147,3.0982,1.4103,2.7807,1,10,0
4.8363,3.3693,10.891,0.82121,1.18,1.6206,2.0747,1.8705,1,10,0
7.638,4.7202,16.777,1.01,0.50566,2.9422,1.7437,3.4957,1,10,0
7.8543,1.9491,16.293,2.1422,0.73515,3.5457,3.1758,3.2287,1,10,0
6.7431,3.6291,18.966,0.47087,1.272,3.8233,1.6935,3.7769,1,10,0
9.7443,1.1733,13.759,1.3485,1.6693,2.6375,2.3515,2.862,1,10,0
11.857,1.9532,17.675,2.1097,2.1398,3.4051,1.8838,2.8979,1,10,0
12.67,7.9641,14.612,2.1804,1.9461,2.0843,1.7794,1.8141,1,10,0
9.9937,5.2702,18.516,0.84936,1.699,3.7403,2.7599,3.1123,1,10,0
5.9283,3.5094,15.392,0.77417,0.86784,1.9628,1.7743,2.661,1,10,0
9.5447,1.2896,12.464,1.3034,2.5755,2.3905,1.6704,2.7399,1,10,0
8.7764,1.5345,15.288,0.90847,1.4526,4.0925,2.111,3.1456,1,10,0
7.7082,3.4394,18.34,1.17,0.9393,2.5372,2.9808,3.3454,1,10,0
5.8978,2.052,16.553,1.0076,1.5911,3.241,1.8402,4.8019,1,10,0
8.4436,2.3488,12.928,1.1593,2.5406,2.4431,2.1613,3.4828,1,10,0
8.9328,3.2425,15.632,1.0718,2.2702,3.1484,2.3432,2.3308,1,10,0
6.0517,1.5143,13.78,1.3482,1.4071,2.3201,2.6539,2.7626,1,10,0
8.0632,1.9996,25.468,1.44,1.6471,8.351,2.9867,5.9173,1,10,0
5.9349,2.8659,15.22,0.81711,0.80893,3.4177,2.4085,3.3431,1,10,0
6.6929,1.6591,17.829,1.5836,2.1121,4.0904,1.9881,4.4172,1,10,0
8.5337,2.91,12.594,1.7877,0.93189,3.0802,2.1253,2.3338,1,10,0
9.3383,0.70781,12.867,1.2605,2.402,2.1157,2.1716,3.4291,1,10,0
9.2457,2.5897,15.83,1.3027,1.6685,2.7761,2.7694,3.1217,1,10,0
6.0574,2.856,19.995,1.2167,1.4794,4.9771,1.9881,4.0173,1,10,0
9.084,3.2807,18.843,2.1382,1.2548,3.6529,3.018,3.7736,1,10,0
8.2758,1.9338,19.14,1.1281,1.7753,4.2629,3.2126,3.5099,1,10,0
10.392,3.2636,25.284,2.0935,2.2886,7.0368,4.1584,4.8419,1,10,0
6.0498,3.4299,15.663,0.90055,0.88864,3.4155,1.7691,3.1345,1,10,0
6.4628,1.4405,29.088,1.1448,1.2923,10.635,1.895,6.0916,1,10,0
5.6431,1.1814,15.801,1.2823,1.119,2.4061,2.9187,2.7812,1,10,0
9.2513,6.0677,16.346,0.9974,1.4377,2.434,2.7306,2.605,1,10,0
5.5843,1.3696,17.549,0.98094,1.4712,5.5711,3.0689,4.1728,1,10,0
11.304,1.474,15.501,1.5172,2.1298,4.2927,3.493,1.8523,1,10,0
8.8464,5.369,18.57,1.3689,1.5091,3.2605,2.1516,2.5427,1,10,0
9.736,2.4529,16.798,3.0738,1.5222,4.3202,3.4535,2.1796,1,10,0
10.31,3.273,15.839,0.98967,2.2183,2.7078,2.7168,2.7774,1,10,0
9.2253,2.6667,16.588,1.5808,0.75401,2.7779,2.6504,3.7325,1,10,0
5.6182,1.6271,15.43,0.96699,0.80429,2.6229,2.6163,4.8266,1,10,0
8.6879,4.008,18.062,0.74349,1.3904,3.661,2.7734,3.582,1,10,0
11.9,8.1631,21.878,1.0226,1.5562,4.9176,4.7807,5.0772,1,10,0
9.2526,4.7999,17.989,1.3755,0.86228,4.4618,2.2864,2.4527,1,10,0
4.726,1.1733,12.711,1.1694,0.96455,2.1639,1.8976,2.9597,1,10,0
8.3247,2.2081,15.752,2.61,0.89928,2.8522,2.2789,5.3522,1,10,0
6.1832,2.4628,16.38,0.95332,0.85635,3.6205,1.8191,3.702,1,10,0
9.3868,1.6303,14.466,1.86,2.1114,2.9208,1.4092,2.2581,1,10,0
7.2672,1.9037,14.194,1.2341,0.66549,2.4377,2.7601,2.1198,1,10,0
5.7954,1.3188,13.803,0.89948,0.67437,2.5751,1.4114,2.6477,1,10,0
8.6322,1.6313,16.268,1.2366,1.6855,3.9946,2.7033,3.1672,1,10,0
9.2382,3.7281,30.739,1.0316,1.2944,6.5785,9.3453,9.4523,1,10,0
10.83,1.8853,21.847,2.3646,1.3089,3.2515,1.6981,4.4116,1,10,0
10.212,1.6937,16.894,1.1814,1.9423,3.6373,1.6792,3.7873,1,10,0
8.6271,1.0667,18.909,1.2895,1.0476,4.7037,2.7075,4.4064,1,10,0
5.922,2.8869,14.229,1.4331,0.65884,2.3417,2.3649,2.4527,1,10,0
9.1467,4.9575,17.282,0.79525,1.0085,2.371,2.0802,3.0517,1,10,1
9.7872,4.4616,14.353,1.0802,2.0734,3.2096,1.7586,1.9735,1,10,1
9.2465,3.1258,15.85,1.6408,1.7775,2.9819,2.7705,2.5378,1,10,1
8.5124,5.4758,12.326,1.1984,0.81281,2.8182,1.559,1.9469,1,10,1
5.99,1.9888,16.957,1.751,1.4308,4.711,2.4165,3.5621,1,10,1
